filename	language	family	model	PER	PFER	PER_folded	PFER_folded
fleurs_spa_001	Spanish	Indo-European	allophant	0.3285	0.1332	0.2774	0.1311
fleurs_spa_001	Spanish	Indo-European	allosaurus	0.4307	0.1385	0.3577	0.1358
fleurs_spa_001	Spanish	Indo-European	multipa	0.4088	0.1217	0.3942	0.1204
fleurs_spa_001	Spanish	Indo-European	powsm	0.1022	0.0198	0.1022	0.0198
fleurs_spa_001	Spanish	Indo-European	wav2vec2phoneme	0.1606	0.0354	0.1606	0.0354
fleurs_spa_001	Spanish	Indo-European	whipa	0.4380	0.0969	0.2993	0.0902
fleurs_spa_001	Spanish	Indo-European	whipa_comb	0.5109	0.1154	0.3796	0.1099
fleurs_spa_001	Spanish	Indo-European	whipa_large	0.3723	0.0554	0.3577	0.0554
fleurs_spa_001	Spanish	Indo-European	zipa	0.3285	0.0341	0.3285	0.0341
fleurs_spa_001	Spanish	Indo-European	zipa_large	0.3431	0.0473	0.3431	0.0473
fleurs_spa_002	Spanish	Indo-European	allophant	0.4008	0.1732	0.3239	0.1707
fleurs_spa_002	Spanish	Indo-European	allosaurus	0.4899	0.1752	0.3927	0.1724
fleurs_spa_002	Spanish	Indo-European	multipa	0.3198	0.1317	0.3077	0.1317
fleurs_spa_002	Spanish	Indo-European	powsm	0.1053	0.0346	0.1053	0.0346
fleurs_spa_002	Spanish	Indo-European	wav2vec2phoneme	0.1741	0.0763	0.1741	0.0763
fleurs_spa_002	Spanish	Indo-European	whipa	0.9879	0.0449	0.9879	0.0449
fleurs_spa_002	Spanish	Indo-European	whipa_comb	0.5142	0.1351	0.3441	0.1307
fleurs_spa_002	Spanish	Indo-European	whipa_large	0.3198	0.0787	0.3036	0.0747
fleurs_spa_002	Spanish	Indo-European	zipa	0.0931	0.0690	0.0931	0.0690
fleurs_spa_002	Spanish	Indo-European	zipa_large	0.2874	0.0754	0.2874	0.0754
fleurs_spa_003	Spanish	Indo-European	allophant	0.3222	0.1079	0.2444	0.1046
fleurs_spa_003	Spanish	Indo-European	allosaurus	0.3111	0.1118	0.2889	0.1090
fleurs_spa_003	Spanish	Indo-European	multipa	0.2778	0.1035	0.2444	0.1021
fleurs_spa_003	Spanish	Indo-European	powsm	0.0667	0.0056	0.0667	0.0056
fleurs_spa_003	Spanish	Indo-European	wav2vec2phoneme	0.1333	0.0426	0.1333	0.0426
fleurs_spa_003	Spanish	Indo-European	whipa	1.0000	0.0618	1.0000	0.0618
fleurs_spa_003	Spanish	Indo-European	whipa_comb	0.4222	0.0924	0.2556	0.0840
fleurs_spa_003	Spanish	Indo-European	whipa_large	0.1778	0.0505	0.1667	0.0500
fleurs_spa_003	Spanish	Indo-European	zipa	0.2333	0.0079	0.2333	0.0079
fleurs_spa_003	Spanish	Indo-European	zipa_large	0.2333	0.0079	0.2333	0.0079
fleurs_spa_004	Spanish	Indo-European	allophant	0.4219	0.1562	0.3281	0.1523
fleurs_spa_004	Spanish	Indo-European	allosaurus	0.3594	0.0436	0.2812	0.0540
fleurs_spa_004	Spanish	Indo-European	multipa	0.5312	0.0986	0.4531	0.0986
fleurs_spa_004	Spanish	Indo-European	powsm	0.0781	0.0065	0.0781	0.0065
fleurs_spa_004	Spanish	Indo-European	wav2vec2phoneme	0.2344	0.0410	0.2344	0.0410
fleurs_spa_004	Spanish	Indo-European	whipa	1.0000	0.0703	1.0000	0.0703
fleurs_spa_004	Spanish	Indo-European	whipa_comb	0.5625	0.0814	0.3594	0.0729
fleurs_spa_004	Spanish	Indo-European	whipa_large	0.3125	0.0654	0.3125	0.0654
fleurs_spa_004	Spanish	Indo-European	zipa	0.3438	0.0130	0.3438	0.0130
fleurs_spa_004	Spanish	Indo-European	zipa_large	0.3438	0.0130	0.3438	0.0130
fleurs_spa_005	Spanish	Indo-European	allophant	0.3182	0.1423	0.2500	0.1394
fleurs_spa_005	Spanish	Indo-European	allosaurus	0.3636	0.1170	0.3068	0.1143
fleurs_spa_005	Spanish	Indo-European	multipa	0.3295	0.0997	0.2614	0.0947
fleurs_spa_005	Spanish	Indo-European	powsm	0.0682	0.0168	0.0682	0.0168
fleurs_spa_005	Spanish	Indo-European	wav2vec2phoneme	0.1705	0.0315	0.1705	0.0315
fleurs_spa_005	Spanish	Indo-European	whipa	0.3864	0.1508	0.3068	0.1475
fleurs_spa_005	Spanish	Indo-European	whipa_comb	0.2727	0.0552	0.1591	0.0495
fleurs_spa_005	Spanish	Indo-European	whipa_large	0.2841	0.0227	0.2727	0.0320
fleurs_spa_005	Spanish	Indo-European	zipa	0.2386	0.0178	0.2386	0.0178
fleurs_spa_005	Spanish	Indo-European	zipa_large	0.2727	0.0492	0.2727	0.0492
fleurs_spa_006	Spanish	Indo-European	allophant	0.3162	0.1068	0.2650	0.1047
fleurs_spa_006	Spanish	Indo-European	allosaurus	0.4188	0.1236	0.3504	0.1202
fleurs_spa_006	Spanish	Indo-European	multipa	0.5983	0.1364	0.4615	0.1309
fleurs_spa_006	Spanish	Indo-European	powsm	0.0855	0.0288	0.0855	0.0288
fleurs_spa_006	Spanish	Indo-European	wav2vec2phoneme	0.1624	0.0422	0.1624	0.0422
fleurs_spa_006	Spanish	Indo-European	whipa	1.0000	0.0363	1.0000	0.0363
fleurs_spa_006	Spanish	Indo-European	whipa_comb	0.5983	0.1175	0.5043	0.1084
fleurs_spa_006	Spanish	Indo-European	whipa_large	0.3932	0.0730	0.3761	0.0730
fleurs_spa_006	Spanish	Indo-European	zipa	0.2308	0.0175	0.2308	0.0175
fleurs_spa_006	Spanish	Indo-European	zipa_large	0.2479	0.0333	0.2479	0.0333
fleurs_spa_007	Spanish	Indo-European	allophant	0.3585	0.1765	0.3019	0.1528
fleurs_spa_007	Spanish	Indo-European	allosaurus	0.3019	0.0955	0.2264	0.0710
fleurs_spa_007	Spanish	Indo-European	multipa	0.3585	0.1105	0.3585	0.1069
fleurs_spa_007	Spanish	Indo-European	powsm	0.0755	0.0208	0.0755	0.0015
fleurs_spa_007	Spanish	Indo-European	wav2vec2phoneme	0.1321	0.0763	0.1132	0.0559
fleurs_spa_007	Spanish	Indo-European	whipa	0.5849	0.1580	0.5472	0.1520
fleurs_spa_007	Spanish	Indo-European	whipa_comb	0.5094	0.0802	0.4528	0.0837
fleurs_spa_007	Spanish	Indo-European	whipa_large	0.3774	0.0369	0.3585	0.0166
fleurs_spa_007	Spanish	Indo-European	zipa	0.3019	0.0464	0.3019	0.0266
fleurs_spa_007	Spanish	Indo-European	zipa_large	0.2830	0.0287	0.2830	0.0093
fleurs_spa_008	Spanish	Indo-European	allophant	0.4149	0.1997	0.3511	0.1966
fleurs_spa_008	Spanish	Indo-European	allosaurus	0.3404	0.0977	0.2553	0.0964
fleurs_spa_008	Spanish	Indo-European	multipa	0.2979	0.1079	0.2660	0.1070
fleurs_spa_008	Spanish	Indo-European	powsm	0.0745	0.0106	0.0745	0.0106
fleurs_spa_008	Spanish	Indo-European	wav2vec2phoneme	0.1596	0.0390	0.1596	0.0390
fleurs_spa_008	Spanish	Indo-European	whipa	0.4787	0.0969	0.2979	0.0875
fleurs_spa_008	Spanish	Indo-European	whipa_comb	0.4149	0.0913	0.3191	0.0842
fleurs_spa_008	Spanish	Indo-European	whipa_large	0.3723	0.0754	0.3511	0.0745
fleurs_spa_008	Spanish	Indo-European	zipa	0.2447	0.0173	0.2447	0.0173
fleurs_spa_008	Spanish	Indo-European	zipa_large	0.2766	0.0465	0.2766	0.0465
fleurs_spa_009	Spanish	Indo-European	allophant	0.3393	0.1990	0.2768	0.1961
fleurs_spa_009	Spanish	Indo-European	allosaurus	0.3661	0.1127	0.2679	0.1094
fleurs_spa_009	Spanish	Indo-European	multipa	0.3482	0.0755	0.3214	0.0835
fleurs_spa_009	Spanish	Indo-European	powsm	0.0625	0.0054	0.0625	0.0054
fleurs_spa_009	Spanish	Indo-European	wav2vec2phoneme	0.1250	0.0311	0.1250	0.0311
fleurs_spa_009	Spanish	Indo-European	whipa	1.0000	0.0253	1.0000	0.0253
fleurs_spa_009	Spanish	Indo-European	whipa_comb	0.5000	0.1122	0.3929	0.1110
fleurs_spa_009	Spanish	Indo-European	whipa_large	0.3125	0.0378	0.1786	0.0301
fleurs_spa_009	Spanish	Indo-European	zipa	0.2232	0.0089	0.2232	0.0089
fleurs_spa_009	Spanish	Indo-European	zipa_large	0.2232	0.0089	0.2232	0.0089
fleurs_spa_010	Spanish	Indo-European	allophant	0.4029	0.1478	0.3597	0.1454
fleurs_spa_010	Spanish	Indo-European	allosaurus	0.4892	0.1544	0.4317	0.1520
fleurs_spa_010	Spanish	Indo-European	multipa	0.3669	0.1284	0.3597	0.1280
fleurs_spa_010	Spanish	Indo-European	powsm	0.0863	0.0310	0.0863	0.0310
fleurs_spa_010	Spanish	Indo-European	wav2vec2phoneme	0.1942	0.0637	0.1942	0.0637
fleurs_spa_010	Spanish	Indo-European	whipa	0.5396	0.1305	0.3597	0.1340
fleurs_spa_010	Spanish	Indo-European	whipa_comb	0.5683	0.1391	0.4317	0.1356
fleurs_spa_010	Spanish	Indo-European	whipa_large	0.4101	0.1192	0.4101	0.1195
fleurs_spa_010	Spanish	Indo-European	zipa	0.2014	0.0519	0.2014	0.0519
fleurs_spa_010	Spanish	Indo-European	zipa_large	0.2302	0.0517	0.2302	0.0517
fleurs_spa_011	Spanish	Indo-European	allophant	0.3036	0.1382	0.2768	0.1375
fleurs_spa_011	Spanish	Indo-European	allosaurus	0.3214	0.1027	0.2768	0.1006
fleurs_spa_011	Spanish	Indo-European	multipa	0.3839	0.0822	0.2589	0.0811
fleurs_spa_011	Spanish	Indo-European	powsm	0.0893	0.0060	0.0893	0.0060
fleurs_spa_011	Spanish	Indo-European	wav2vec2phoneme	0.1429	0.0299	0.1429	0.0299
fleurs_spa_011	Spanish	Indo-European	whipa	0.4911	0.1114	0.2768	0.1077
fleurs_spa_011	Spanish	Indo-European	whipa_comb	0.5089	0.1110	0.4107	0.1092
fleurs_spa_011	Spanish	Indo-European	whipa_large	0.1429	0.0247	0.1429	0.0247
fleurs_spa_011	Spanish	Indo-European	zipa	0.2321	0.0071	0.2321	0.0071
fleurs_spa_011	Spanish	Indo-European	zipa_large	0.2321	0.0071	0.2321	0.0071
fleurs_spa_012	Spanish	Indo-European	allophant	0.5039	0.2625	0.4331	0.2595
fleurs_spa_012	Spanish	Indo-European	allosaurus	0.4882	0.1673	0.4567	0.1657
fleurs_spa_012	Spanish	Indo-European	multipa	0.5276	0.1729	0.4803	0.1734
fleurs_spa_012	Spanish	Indo-European	powsm	0.2126	0.1188	0.2126	0.1188
fleurs_spa_012	Spanish	Indo-European	wav2vec2phoneme	0.2677	0.1237	0.2677	0.1237
fleurs_spa_012	Spanish	Indo-European	whipa	0.5984	0.1549	0.3543	0.1526
fleurs_spa_012	Spanish	Indo-European	whipa_comb	0.5748	0.1745	0.3543	0.1663
fleurs_spa_012	Spanish	Indo-European	whipa_large	0.3228	0.1120	0.3150	0.1117
fleurs_spa_012	Spanish	Indo-European	zipa	0.2126	0.1181	0.2126	0.1181
fleurs_spa_012	Spanish	Indo-European	zipa_large	0.2441	0.1373	0.2441	0.1373
fleurs_spa_013	Spanish	Indo-European	allophant	0.4304	0.1978	0.3924	0.1962
fleurs_spa_013	Spanish	Indo-European	allosaurus	0.3291	0.1150	0.2911	0.1129
fleurs_spa_013	Spanish	Indo-European	multipa	0.3797	0.1395	0.3544	0.1384
fleurs_spa_013	Spanish	Indo-European	powsm	0.1392	0.0316	0.1392	0.0316
fleurs_spa_013	Spanish	Indo-European	wav2vec2phoneme	0.1646	0.0340	0.1646	0.0340
fleurs_spa_013	Spanish	Indo-European	whipa	0.3671	0.0936	0.2658	0.0883
fleurs_spa_013	Spanish	Indo-European	whipa_comb	0.4810	0.1556	0.3291	0.1498
fleurs_spa_013	Spanish	Indo-European	whipa_large	0.4557	0.1005	0.4557	0.1010
fleurs_spa_013	Spanish	Indo-European	zipa	0.2405	0.0285	0.2405	0.0285
fleurs_spa_013	Spanish	Indo-European	zipa_large	0.2278	0.0206	0.2278	0.0206
fleurs_spa_014	Spanish	Indo-European	allophant	0.3833	0.1774	0.3583	0.1767
fleurs_spa_014	Spanish	Indo-European	allosaurus	0.5500	0.1868	0.5167	0.2089
fleurs_spa_014	Spanish	Indo-European	multipa	0.4750	0.1217	0.3417	0.1220
fleurs_spa_014	Spanish	Indo-European	powsm	0.1583	0.0319	0.1583	0.0319
fleurs_spa_014	Spanish	Indo-European	wav2vec2phoneme	0.2333	0.0540	0.2333	0.0540
fleurs_spa_014	Spanish	Indo-European	whipa	0.4417	0.1040	0.2667	0.1005
fleurs_spa_014	Spanish	Indo-European	whipa_comb	0.4250	0.0733	0.2583	0.0649
fleurs_spa_014	Spanish	Indo-European	whipa_large	0.3250	0.0502	0.3000	0.0599
fleurs_spa_014	Spanish	Indo-European	zipa	0.2333	0.0366	0.2333	0.0366
fleurs_spa_014	Spanish	Indo-European	zipa_large	0.2250	0.0314	0.2250	0.0314
fleurs_spa_015	Spanish	Indo-European	allophant	0.4538	0.2645	0.4118	0.2624
fleurs_spa_015	Spanish	Indo-European	allosaurus	0.5294	0.2120	0.4874	0.2092
fleurs_spa_015	Spanish	Indo-European	multipa	0.3950	0.1682	0.3613	0.1679
fleurs_spa_015	Spanish	Indo-European	powsm	0.1765	0.0989	0.1765	0.0989
fleurs_spa_015	Spanish	Indo-European	wav2vec2phoneme	0.2521	0.1248	0.2521	0.1248
fleurs_spa_015	Spanish	Indo-European	whipa	0.4958	0.1472	0.3529	0.1450
fleurs_spa_015	Spanish	Indo-European	whipa_comb	0.4958	0.1726	0.3697	0.1684
fleurs_spa_015	Spanish	Indo-European	whipa_large	0.3529	0.1292	0.3529	0.1276
fleurs_spa_015	Spanish	Indo-European	zipa	0.2857	0.1077	0.2857	0.1077
fleurs_spa_015	Spanish	Indo-European	zipa_large	0.2857	0.1077	0.2857	0.1077
fleurs_spa_016	Spanish	Indo-European	allophant	0.3467	0.1494	0.3200	0.1483
fleurs_spa_016	Spanish	Indo-European	allosaurus	0.2933	0.0953	0.2267	0.0933
fleurs_spa_016	Spanish	Indo-European	multipa	0.2667	0.0972	0.2533	0.0967
fleurs_spa_016	Spanish	Indo-European	powsm	0.0400	0.0017	0.0400	0.0017
fleurs_spa_016	Spanish	Indo-European	wav2vec2phoneme	0.1333	0.0325	0.1333	0.0325
fleurs_spa_016	Spanish	Indo-European	whipa	0.4800	0.1142	0.2933	0.1044
fleurs_spa_016	Spanish	Indo-European	whipa_comb	0.4267	0.0919	0.3200	0.0869
fleurs_spa_016	Spanish	Indo-European	whipa_large	0.2400	0.0506	0.2400	0.0522
fleurs_spa_016	Spanish	Indo-European	zipa	0.2133	0.0072	0.2133	0.0072
fleurs_spa_016	Spanish	Indo-European	zipa_large	0.2133	0.0072	0.2133	0.0072
fleurs_spa_017	Spanish	Indo-European	allophant	0.3626	0.1310	0.3297	0.1296
fleurs_spa_017	Spanish	Indo-European	allosaurus	0.4505	0.1367	0.3846	0.1335
fleurs_spa_017	Spanish	Indo-European	multipa	0.4066	0.1248	0.3297	0.1186
fleurs_spa_017	Spanish	Indo-European	powsm	0.0989	0.0078	0.0989	0.0078
fleurs_spa_017	Spanish	Indo-European	wav2vec2phoneme	0.1538	0.0318	0.1538	0.0318
fleurs_spa_017	Spanish	Indo-European	whipa	0.9890	0.0435	0.9890	0.0435
fleurs_spa_017	Spanish	Indo-European	whipa_comb	0.4945	0.1106	0.3077	0.1005
fleurs_spa_017	Spanish	Indo-European	whipa_large	0.2967	0.0373	0.3077	0.0561
fleurs_spa_017	Spanish	Indo-European	zipa	0.1538	0.0064	0.1538	0.0064
fleurs_spa_017	Spanish	Indo-European	zipa_large	0.1758	0.0270	0.1758	0.0270
fleurs_spa_018	Spanish	Indo-European	allophant	0.2982	0.1446	0.2544	0.1424
fleurs_spa_018	Spanish	Indo-European	allosaurus	0.4211	0.1405	0.3158	0.1372
fleurs_spa_018	Spanish	Indo-European	multipa	0.4737	0.0930	0.3596	0.1001
fleurs_spa_018	Spanish	Indo-European	powsm	0.0965	0.0228	0.0965	0.0228
fleurs_spa_018	Spanish	Indo-European	wav2vec2phoneme	0.1754	0.0442	0.1754	0.0442
fleurs_spa_018	Spanish	Indo-European	whipa	0.6053	0.1502	0.3596	0.1522
fleurs_spa_018	Spanish	Indo-European	whipa_comb	0.4825	0.1107	0.3333	0.1011
fleurs_spa_018	Spanish	Indo-European	whipa_large	0.2632	0.0404	0.2544	0.0453
fleurs_spa_018	Spanish	Indo-European	zipa	0.2281	0.0384	0.2281	0.0384
fleurs_spa_018	Spanish	Indo-European	zipa_large	0.2544	0.0565	0.2544	0.0565
fleurs_spa_019	Spanish	Indo-European	allophant	0.4260	0.1664	0.3728	0.1570
fleurs_spa_019	Spanish	Indo-European	allosaurus	0.5621	0.1561	0.5385	0.1515
fleurs_spa_019	Spanish	Indo-European	multipa	0.4083	0.1113	0.3905	0.1047
fleurs_spa_019	Spanish	Indo-European	powsm	0.0651	0.0288	0.0651	0.0287
fleurs_spa_019	Spanish	Indo-European	wav2vec2phoneme	0.1953	0.0583	0.1893	0.0520
fleurs_spa_019	Spanish	Indo-European	whipa	0.4675	0.0862	0.2959	0.0824
fleurs_spa_019	Spanish	Indo-European	whipa_comb	0.4497	0.1052	0.3254	0.0990
fleurs_spa_019	Spanish	Indo-European	whipa_large	0.2959	0.0791	0.2899	0.0738
fleurs_spa_019	Spanish	Indo-European	zipa	0.1657	0.0298	0.1657	0.0237
fleurs_spa_019	Spanish	Indo-European	zipa_large	0.2663	0.0624	0.2663	0.0560
fleurs_spa_020	Spanish	Indo-European	allophant	0.6020	0.4179	0.5612	0.4162
fleurs_spa_020	Spanish	Indo-European	allosaurus	0.5408	0.3274	0.5000	0.3191
fleurs_spa_020	Spanish	Indo-European	multipa	0.5612	0.2883	0.5000	0.2966
fleurs_spa_020	Spanish	Indo-European	powsm	0.1224	0.0125	0.1224	0.0125
fleurs_spa_020	Spanish	Indo-European	wav2vec2phoneme	0.5000	0.3051	0.5000	0.3051
fleurs_spa_020	Spanish	Indo-European	whipa	0.9694	0.5440	0.7449	0.5506
fleurs_spa_020	Spanish	Indo-European	whipa_comb	0.8163	0.3727	0.6122	0.3642
fleurs_spa_020	Spanish	Indo-European	whipa_large	0.6020	0.2942	0.6020	0.3029
fleurs_spa_020	Spanish	Indo-European	zipa	0.2347	0.0304	0.2347	0.0304
fleurs_spa_020	Spanish	Indo-European	zipa_large	0.2347	0.0264	0.2347	0.0264
fleurs_deu_001	German	Indo-European	allophant	0.5055	0.0902	0.4505	0.0709
fleurs_deu_001	German	Indo-European	allosaurus	0.7473	0.1699	0.6703	0.1646
fleurs_deu_001	German	Indo-European	multipa	0.5934	0.1202	0.4396	0.1148
fleurs_deu_001	German	Indo-European	powsm	0.3516	0.0923	0.3187	0.0729
fleurs_deu_001	German	Indo-European	wav2vec2phoneme	0.3626	0.0714	0.3077	0.0519
fleurs_deu_001	German	Indo-European	whipa	3.2198	2.2044	3.2198	2.1603
fleurs_deu_001	German	Indo-European	whipa_comb	0.6044	0.1305	0.4835	0.1168
fleurs_deu_001	German	Indo-European	whipa_large	0.5495	0.1044	0.4066	0.1003
fleurs_deu_001	German	Indo-European	zipa	0.5824	0.0579	0.3407	0.0412
fleurs_deu_001	German	Indo-European	zipa_large	0.5385	0.0840	0.3077	0.0652
fleurs_deu_002	German	Indo-European	allophant	0.4815	0.0779	0.4815	0.0712
fleurs_deu_002	German	Indo-European	allosaurus	0.5309	0.1168	0.3827	0.1073
fleurs_deu_002	German	Indo-European	multipa	0.6173	0.1615	0.5185	0.1610
fleurs_deu_002	German	Indo-European	powsm	0.4198	0.0568	0.4198	0.0532
fleurs_deu_002	German	Indo-European	wav2vec2phoneme	0.3827	0.0499	0.3457	0.0432
fleurs_deu_002	German	Indo-European	whipa	0.6667	0.1556	0.5802	0.1469
fleurs_deu_002	German	Indo-European	whipa_comb	0.6667	0.1371	0.5185	0.1237
fleurs_deu_002	German	Indo-European	whipa_large	0.6296	0.1448	0.4815	0.1361
fleurs_deu_002	German	Indo-European	zipa	0.5926	0.0846	0.3210	0.0764
fleurs_deu_002	German	Indo-European	zipa_large	0.6296	0.0576	0.3580	0.0535
fleurs_deu_003	German	Indo-European	allophant	0.5833	0.0866	0.5379	0.0614
fleurs_deu_003	German	Indo-European	allosaurus	0.7424	0.1935	0.6894	0.1783
fleurs_deu_003	German	Indo-European	multipa	0.5758	0.1381	0.4773	0.1261
fleurs_deu_003	German	Indo-European	powsm	0.3712	0.0824	0.3182	0.0603
fleurs_deu_003	German	Indo-European	wav2vec2phoneme	0.4242	0.0765	0.3485	0.0499
fleurs_deu_003	German	Indo-European	whipa	0.7121	0.2704	0.6061	0.2713
fleurs_deu_003	German	Indo-European	whipa_comb	0.7348	0.1736	0.6288	0.1556
fleurs_deu_003	German	Indo-European	whipa_large	0.6212	0.1443	0.4697	0.1250
fleurs_deu_003	German	Indo-European	zipa	0.6515	0.0666	0.4318	0.0438
fleurs_deu_003	German	Indo-European	zipa_large	0.6439	0.0664	0.4318	0.0437
fleurs_deu_004	German	Indo-European	allophant	0.5629	0.0824	0.5298	0.0663
fleurs_deu_004	German	Indo-European	allosaurus	0.8013	0.2238	0.7417	0.2131
fleurs_deu_004	German	Indo-European	multipa	0.6159	0.2129	0.5497	0.1977
fleurs_deu_004	German	Indo-European	powsm	0.4702	0.0995	0.4437	0.0812
fleurs_deu_004	German	Indo-European	wav2vec2phoneme	0.4305	0.0745	0.3841	0.0583
fleurs_deu_004	German	Indo-European	whipa	0.7417	0.3297	0.6026	0.3222
fleurs_deu_004	German	Indo-European	whipa_comb	0.7881	0.1976	0.6623	0.1886
fleurs_deu_004	German	Indo-European	whipa_large	0.6026	0.1078	0.4238	0.1002
fleurs_deu_004	German	Indo-European	zipa	0.7351	0.0606	0.4305	0.0388
fleurs_deu_004	German	Indo-European	zipa_large	0.7351	0.0625	0.4238	0.0429
fleurs_deu_005	German	Indo-European	allophant	0.5287	0.0718	0.4943	0.0518
fleurs_deu_005	German	Indo-European	allosaurus	0.5172	0.1231	0.3908	0.0992
fleurs_deu_005	German	Indo-European	multipa	0.5977	0.1398	0.5057	0.1286
fleurs_deu_005	German	Indo-European	powsm	0.4138	0.0910	0.3908	0.0732
fleurs_deu_005	German	Indo-European	wav2vec2phoneme	0.4138	0.0386	0.3563	0.0170
fleurs_deu_005	German	Indo-European	whipa	0.6897	0.1547	0.6782	0.1593
fleurs_deu_005	German	Indo-European	whipa_comb	0.6207	0.1669	0.4943	0.1461
fleurs_deu_005	German	Indo-European	whipa_large	0.5402	0.1061	0.3793	0.0829
fleurs_deu_005	German	Indo-European	zipa	0.5402	0.0699	0.3678	0.0500
fleurs_deu_005	German	Indo-European	zipa_large	0.5632	0.0838	0.4023	0.0637
fleurs_deu_006	German	Indo-European	allophant	0.4568	0.0916	0.4074	0.0810
fleurs_deu_006	German	Indo-European	allosaurus	0.5556	0.1566	0.4568	0.1458
fleurs_deu_006	German	Indo-European	multipa	0.5802	0.1952	0.4691	0.1753
fleurs_deu_006	German	Indo-European	powsm	0.3827	0.0841	0.3457	0.0770
fleurs_deu_006	German	Indo-European	wav2vec2phoneme	0.3333	0.0568	0.2716	0.0432
fleurs_deu_006	German	Indo-European	whipa	0.6049	0.1476	0.5432	0.1357
fleurs_deu_006	German	Indo-European	whipa_comb	0.6667	0.1836	0.4691	0.1623
fleurs_deu_006	German	Indo-European	whipa_large	0.4691	0.1062	0.3580	0.1037
fleurs_deu_006	German	Indo-European	zipa	0.5679	0.0939	0.3704	0.0798
fleurs_deu_006	German	Indo-European	zipa_large	0.5432	0.0880	0.3457	0.0678
fleurs_deu_007	German	Indo-European	allophant	0.5294	0.0725	0.4866	0.0654
fleurs_deu_007	German	Indo-European	allosaurus	0.7433	0.1925	0.6631	0.1894
fleurs_deu_007	German	Indo-European	multipa	0.5775	0.1749	0.4759	0.1584
fleurs_deu_007	German	Indo-European	powsm	0.4171	0.1014	0.3743	0.0865
fleurs_deu_007	German	Indo-European	wav2vec2phoneme	0.4332	0.0457	0.3690	0.0361
fleurs_deu_007	German	Indo-European	whipa	0.6898	0.2401	0.6310	0.2242
fleurs_deu_007	German	Indo-European	whipa_comb	0.6952	0.2016	0.5936	0.1857
fleurs_deu_007	German	Indo-European	whipa_large	0.5775	0.1203	0.4545	0.1060
fleurs_deu_007	German	Indo-European	zipa	0.6631	0.0689	0.4492	0.0451
fleurs_deu_007	German	Indo-European	zipa_large	0.6578	0.0612	0.4439	0.0373
fleurs_deu_008	German	Indo-European	allophant	0.7551	0.3017	0.6837	0.2702
fleurs_deu_008	German	Indo-European	allosaurus	0.8061	0.2596	0.6633	0.2423
fleurs_deu_008	German	Indo-European	multipa	0.7041	0.2540	0.5816	0.2744
fleurs_deu_008	German	Indo-European	powsm	0.6429	0.3278	0.6020	0.2933
fleurs_deu_008	German	Indo-European	wav2vec2phoneme	0.6020	0.3106	0.5408	0.2752
fleurs_deu_008	German	Indo-European	whipa	1.8163	1.0648	1.8163	1.0156
fleurs_deu_008	German	Indo-European	whipa_comb	0.7755	0.2713	0.6531	0.2502
fleurs_deu_008	German	Indo-European	whipa_large	0.8673	0.3603	0.6837	0.3383
fleurs_deu_008	German	Indo-European	zipa	0.6531	0.0619	0.3776	0.0335
fleurs_deu_008	German	Indo-European	zipa_large	0.6429	0.0548	0.3776	0.0262
fleurs_deu_009	German	Indo-European	allophant	0.5179	0.0817	0.4643	0.0727
fleurs_deu_009	German	Indo-European	allosaurus	0.4911	0.1291	0.4018	0.1202
fleurs_deu_009	German	Indo-European	multipa	0.5893	0.1791	0.5089	0.1702
fleurs_deu_009	German	Indo-European	powsm	0.3839	0.0738	0.3304	0.0657
fleurs_deu_009	German	Indo-European	wav2vec2phoneme	0.4196	0.0714	0.3750	0.0618
fleurs_deu_009	German	Indo-European	whipa	0.7411	0.2269	0.6964	0.2180
fleurs_deu_009	German	Indo-European	whipa_comb	0.7054	0.1449	0.5089	0.1334
fleurs_deu_009	German	Indo-European	whipa_large	0.5804	0.1390	0.3929	0.1257
fleurs_deu_009	German	Indo-European	zipa	0.4464	0.0826	0.3482	0.0729
fleurs_deu_009	German	Indo-European	zipa_large	0.4286	0.0815	0.3393	0.0722
fleurs_deu_010	German	Indo-European	allophant	0.5789	0.0956	0.5579	0.0944
fleurs_deu_010	German	Indo-European	allosaurus	0.7053	0.1693	0.6737	0.1549
fleurs_deu_010	German	Indo-European	multipa	0.6000	0.1991	0.5368	0.1862
fleurs_deu_010	German	Indo-European	powsm	0.4211	0.1239	0.4000	0.1059
fleurs_deu_010	German	Indo-European	wav2vec2phoneme	0.4000	0.0752	0.3579	0.0764
fleurs_deu_010	German	Indo-European	whipa	0.5895	0.1397	0.4526	0.1380
fleurs_deu_010	German	Indo-European	whipa_comb	0.6000	0.1805	0.4737	0.1404
fleurs_deu_010	German	Indo-European	whipa_large	0.4526	0.1033	0.3579	0.0918
fleurs_deu_010	German	Indo-European	zipa	0.4737	0.1221	0.3789	0.1046
fleurs_deu_010	German	Indo-European	zipa_large	0.4842	0.1136	0.3789	0.1144
fleurs_deu_011	German	Indo-European	allophant	0.5689	0.1289	0.5269	0.0880
fleurs_deu_011	German	Indo-European	allosaurus	0.7425	0.2015	0.6527	0.1873
fleurs_deu_011	German	Indo-European	multipa	0.5988	0.1717	0.5269	0.1625
fleurs_deu_011	German	Indo-European	powsm	0.4132	0.0892	0.3713	0.0733
fleurs_deu_011	German	Indo-European	wav2vec2phoneme	0.4371	0.0919	0.3473	0.0483
fleurs_deu_011	German	Indo-European	whipa	1.0958	0.3875	1.2156	0.5506
fleurs_deu_011	German	Indo-European	whipa_comb	0.6587	0.1664	0.5090	0.1578
fleurs_deu_011	German	Indo-European	whipa_large	0.5509	0.1238	0.4072	0.1089
fleurs_deu_011	German	Indo-European	zipa	0.6587	0.0770	0.3772	0.0425
fleurs_deu_011	German	Indo-European	zipa_large	0.6707	0.0881	0.3832	0.0491
fleurs_deu_012	German	Indo-European	allophant	0.5845	0.0814	0.5282	0.0557
fleurs_deu_012	German	Indo-European	allosaurus	0.6761	0.1736	0.5775	0.1477
fleurs_deu_012	German	Indo-European	multipa	0.5704	0.1287	0.4648	0.1109
fleurs_deu_012	German	Indo-European	powsm	0.3944	0.0666	0.2887	0.0420
fleurs_deu_012	German	Indo-European	wav2vec2phoneme	0.4366	0.0660	0.3380	0.0415
fleurs_deu_012	German	Indo-European	whipa	0.6268	0.1298	0.5704	0.1277
fleurs_deu_012	German	Indo-European	whipa_comb	0.6549	0.1498	0.5000	0.1523
fleurs_deu_012	German	Indo-European	whipa_large	0.5845	0.1006	0.4366	0.0968
fleurs_deu_012	German	Indo-European	zipa	0.6690	0.0710	0.3944	0.0427
fleurs_deu_012	German	Indo-European	zipa_large	0.6549	0.0703	0.3803	0.0422
fleurs_deu_013	German	Indo-European	allophant	0.5390	0.0906	0.4935	0.0612
fleurs_deu_013	German	Indo-European	allosaurus	0.6039	0.1391	0.5065	0.1196
fleurs_deu_013	German	Indo-European	multipa	0.5974	0.1732	0.5195	0.1590
fleurs_deu_013	German	Indo-European	powsm	0.4091	0.0729	0.3442	0.0523
fleurs_deu_013	German	Indo-European	wav2vec2phoneme	0.4740	0.0563	0.4221	0.0376
fleurs_deu_013	German	Indo-European	whipa	0.7403	0.1798	0.6364	0.1600
fleurs_deu_013	German	Indo-European	whipa_comb	0.7532	0.2174	0.5974	0.2127
fleurs_deu_013	German	Indo-European	whipa_large	0.5844	0.1241	0.4221	0.1136
fleurs_deu_013	German	Indo-European	zipa	0.7078	0.0775	0.4091	0.0504
fleurs_deu_013	German	Indo-European	zipa_large	0.7338	0.0920	0.3831	0.0654
fleurs_deu_014	German	Indo-European	allophant	0.6688	0.1381	0.6433	0.1214
fleurs_deu_014	German	Indo-European	allosaurus	0.5860	0.1659	0.4204	0.1313
fleurs_deu_014	German	Indo-European	multipa	0.6178	0.1907	0.6115	0.1772
fleurs_deu_014	German	Indo-European	powsm	0.5032	0.1533	0.4522	0.1134
fleurs_deu_014	German	Indo-European	wav2vec2phoneme	0.5350	0.1274	0.4650	0.0919
fleurs_deu_014	German	Indo-European	whipa	0.7771	0.2450	0.6943	0.2335
fleurs_deu_014	German	Indo-European	whipa_comb	0.7261	0.2058	0.6369	0.1905
fleurs_deu_014	German	Indo-European	whipa_large	0.6178	0.1454	0.5159	0.1375
fleurs_deu_014	German	Indo-European	zipa	0.7197	0.1290	0.5032	0.0945
fleurs_deu_014	German	Indo-European	zipa_large	0.7325	0.1322	0.5096	0.0976
fleurs_deu_015	German	Indo-European	allophant	0.5926	0.1346	0.5556	0.1262
fleurs_deu_015	German	Indo-European	allosaurus	0.6481	0.1505	0.4815	0.1381
fleurs_deu_015	German	Indo-European	multipa	0.5741	0.1049	0.4074	0.1242
fleurs_deu_015	German	Indo-European	powsm	0.5370	0.1840	0.4259	0.1763
fleurs_deu_015	German	Indo-European	wav2vec2phoneme	0.5000	0.0883	0.4444	0.0799
fleurs_deu_015	German	Indo-European	whipa	0.6481	0.1462	0.5370	0.1235
fleurs_deu_015	German	Indo-European	whipa_comb	0.6852	0.1474	0.5556	0.1373
fleurs_deu_015	German	Indo-European	whipa_large	0.5741	0.1219	0.4259	0.1242
fleurs_deu_015	German	Indo-European	zipa	0.6481	0.1516	0.3889	0.1424
fleurs_deu_015	German	Indo-European	zipa_large	0.6481	0.1516	0.3889	0.1424
fleurs_deu_016	German	Indo-European	allophant	0.9467	0.4450	0.9333	0.4339
fleurs_deu_016	German	Indo-European	allosaurus	1.0267	0.4450	1.0000	0.4289
fleurs_deu_016	German	Indo-European	multipa	0.8133	0.3597	0.7067	0.3608
fleurs_deu_016	German	Indo-European	powsm	0.5867	0.2528	0.5200	0.2439
fleurs_deu_016	German	Indo-European	wav2vec2phoneme	0.7733	0.4539	0.7333	0.4439
fleurs_deu_016	German	Indo-European	whipa	1.1333	0.5386	1.0933	0.6106
fleurs_deu_016	German	Indo-European	whipa_comb	1.0667	0.4289	1.0133	0.4822
fleurs_deu_016	German	Indo-European	whipa_large	0.8800	0.3953	0.8133	0.4222
fleurs_deu_016	German	Indo-European	zipa	1.0133	0.4422	0.7333	0.4322
fleurs_deu_016	German	Indo-European	zipa_large	0.6933	0.1431	0.4133	0.1336
fleurs_deu_017	German	Indo-European	allophant	0.5079	0.0681	0.4127	0.0301
fleurs_deu_017	German	Indo-European	allosaurus	0.4286	0.1283	0.2857	0.0865
fleurs_deu_017	German	Indo-European	multipa	0.5873	0.1353	0.5238	0.1122
fleurs_deu_017	German	Indo-European	powsm	0.3810	0.1081	0.3492	0.0913
fleurs_deu_017	German	Indo-European	wav2vec2phoneme	0.3651	0.0532	0.2698	0.0356
fleurs_deu_017	German	Indo-European	whipa	1.0000	0.6194	1.0000	0.6272
fleurs_deu_017	German	Indo-European	whipa_comb	0.8413	0.2474	0.7937	0.2446
fleurs_deu_017	German	Indo-European	whipa_large	0.6190	0.1353	0.5873	0.1340
fleurs_deu_017	German	Indo-European	zipa	0.5238	0.1095	0.3492	0.0913
fleurs_deu_017	German	Indo-European	zipa_large	0.5079	0.1101	0.3492	0.0913
fleurs_deu_018	German	Indo-European	allophant	0.4717	0.0542	0.4528	0.0464
fleurs_deu_018	German	Indo-European	allosaurus	0.8679	0.2150	0.7925	0.2131
fleurs_deu_018	German	Indo-European	multipa	0.5377	0.1146	0.4245	0.1297
fleurs_deu_018	German	Indo-European	powsm	0.3585	0.0765	0.3113	0.0702
fleurs_deu_018	German	Indo-European	wav2vec2phoneme	0.3868	0.0867	0.3019	0.0784
fleurs_deu_018	German	Indo-European	whipa	1.0000	0.1364	1.0000	0.1262
fleurs_deu_018	German	Indo-European	whipa_comb	0.6415	0.1450	0.4717	0.1344
fleurs_deu_018	German	Indo-European	whipa_large	0.6321	0.1393	0.4717	0.1303
fleurs_deu_018	German	Indo-European	zipa	0.5472	0.0265	0.2925	0.0214
fleurs_deu_018	German	Indo-European	zipa_large	0.5377	0.0250	0.2925	0.0202
fleurs_deu_019	German	Indo-European	allophant	0.5500	0.0875	0.5125	0.0797
fleurs_deu_019	German	Indo-European	allosaurus	0.7625	0.1839	0.6375	0.1750
fleurs_deu_019	German	Indo-European	multipa	0.4750	0.1167	0.3375	0.0958
fleurs_deu_019	German	Indo-European	powsm	0.4375	0.0885	0.3625	0.0802
fleurs_deu_019	German	Indo-European	wav2vec2phoneme	0.4250	0.1112	0.3500	0.1034
fleurs_deu_019	German	Indo-European	whipa	0.4750	0.1120	0.4125	0.1073
fleurs_deu_019	German	Indo-European	whipa_comb	0.5250	0.1521	0.4625	0.1341
fleurs_deu_019	German	Indo-European	whipa_large	0.4625	0.0997	0.2750	0.0977
fleurs_deu_019	German	Indo-European	zipa	0.5500	0.0974	0.3875	0.0885
fleurs_deu_019	German	Indo-European	zipa_large	0.6375	0.1060	0.4625	0.0992
fleurs_deu_020	German	Indo-European	allophant	0.5783	0.0961	0.5301	0.0694
fleurs_deu_020	German	Indo-European	allosaurus	0.5422	0.1247	0.4096	0.0919
fleurs_deu_020	German	Indo-European	multipa	0.5422	0.1925	0.4699	0.1907
fleurs_deu_020	German	Indo-European	powsm	0.4217	0.0467	0.4217	0.0377
fleurs_deu_020	German	Indo-European	wav2vec2phoneme	0.4458	0.0833	0.3735	0.0480
fleurs_deu_020	German	Indo-European	whipa	0.9277	0.2307	0.8675	0.2186
fleurs_deu_020	German	Indo-European	whipa_comb	0.7590	0.2510	0.6867	0.2449
fleurs_deu_020	German	Indo-European	whipa_large	0.6386	0.1137	0.5663	0.1127
fleurs_deu_020	German	Indo-European	zipa	0.5663	0.1017	0.3735	0.0659
fleurs_deu_020	German	Indo-European	zipa_large	0.5542	0.1009	0.3735	0.0652
fleurs_tur_001	Turkish	Turkic	allophant	0.5638	0.1268	0.5426	0.1338
fleurs_tur_001	Turkish	Turkic	allosaurus	0.6064	0.1631	0.4787	0.1568
fleurs_tur_001	Turkish	Turkic	multipa	0.4574	0.1093	0.4574	0.1130
fleurs_tur_001	Turkish	Turkic	powsm	0.3298	0.0457	0.3085	0.0434
fleurs_tur_001	Turkish	Turkic	wav2vec2phoneme	0.4894	0.0796	0.4255	0.0872
fleurs_tur_001	Turkish	Turkic	whipa	0.3936	0.1051	0.3617	0.0958
fleurs_tur_001	Turkish	Turkic	whipa_comb	0.5851	0.1044	0.4681	0.0902
fleurs_tur_001	Turkish	Turkic	whipa_large	0.2979	0.0441	0.3191	0.0410
fleurs_tur_001	Turkish	Turkic	zipa	0.2128	0.0547	0.1915	0.0331
fleurs_tur_001	Turkish	Turkic	zipa_large	0.1702	0.0468	0.1489	0.0326
fleurs_tur_002	Turkish	Turkic	allophant	0.6421	0.2346	0.5579	0.2481
fleurs_tur_002	Turkish	Turkic	allosaurus	0.7053	0.1934	0.6316	0.1943
fleurs_tur_002	Turkish	Turkic	multipa	0.4632	0.1390	0.4526	0.1518
fleurs_tur_002	Turkish	Turkic	powsm	0.4105	0.0555	0.4000	0.0721
fleurs_tur_002	Turkish	Turkic	wav2vec2phoneme	0.5053	0.1461	0.4947	0.1673
fleurs_tur_002	Turkish	Turkic	whipa	0.4842	0.1094	0.3895	0.1069
fleurs_tur_002	Turkish	Turkic	whipa_comb	0.6421	0.1408	0.5474	0.1405
fleurs_tur_002	Turkish	Turkic	whipa_large	0.4211	0.1072	0.4000	0.1114
fleurs_tur_002	Turkish	Turkic	zipa	0.2316	0.0836	0.2316	0.0893
fleurs_tur_002	Turkish	Turkic	zipa_large	0.1895	0.0660	0.1684	0.0714
fleurs_tur_003	Turkish	Turkic	allophant	0.5972	0.1510	0.5139	0.1510
fleurs_tur_003	Turkish	Turkic	allosaurus	0.6806	0.1823	0.5833	0.2069
fleurs_tur_003	Turkish	Turkic	multipa	0.4444	0.0940	0.4444	0.1042
fleurs_tur_003	Turkish	Turkic	powsm	0.3472	0.0318	0.3472	0.0304
fleurs_tur_003	Turkish	Turkic	wav2vec2phoneme	0.2778	0.0909	0.2778	0.0909
fleurs_tur_003	Turkish	Turkic	whipa	0.4444	0.1195	0.3333	0.1137
fleurs_tur_003	Turkish	Turkic	whipa_comb	0.5972	0.1042	0.4306	0.1001
fleurs_tur_003	Turkish	Turkic	whipa_large	0.2778	0.0396	0.2639	0.0622
fleurs_tur_003	Turkish	Turkic	zipa	0.1389	0.0466	0.1389	0.0466
fleurs_tur_003	Turkish	Turkic	zipa_large	0.1389	0.0457	0.1389	0.0457
fleurs_tur_004	Turkish	Turkic	allophant	0.5276	0.1016	0.4785	0.1016
fleurs_tur_004	Turkish	Turkic	allosaurus	0.5399	0.1341	0.4479	0.1358
fleurs_tur_004	Turkish	Turkic	multipa	0.6074	0.1139	0.5890	0.1114
fleurs_tur_004	Turkish	Turkic	powsm	0.2945	0.0341	0.2699	0.0329
fleurs_tur_004	Turkish	Turkic	wav2vec2phoneme	0.6135	0.1084	0.5583	0.0992
fleurs_tur_004	Turkish	Turkic	whipa	0.5951	0.1373	0.4908	0.1415
fleurs_tur_004	Turkish	Turkic	whipa_comb	0.7055	0.2165	0.6012	0.2156
fleurs_tur_004	Turkish	Turkic	whipa_large	0.4356	0.0594	0.4417	0.0593
fleurs_tur_004	Turkish	Turkic	zipa	0.1043	0.0380	0.0982	0.0312
fleurs_tur_004	Turkish	Turkic	zipa_large	0.0920	0.0317	0.0798	0.0248
fleurs_tur_005	Turkish	Turkic	allophant	0.4586	0.1021	0.3978	0.0839
fleurs_tur_005	Turkish	Turkic	allosaurus	0.6243	0.1605	0.5083	0.1530
fleurs_tur_005	Turkish	Turkic	multipa	0.4917	0.1373	0.4917	0.1396
fleurs_tur_005	Turkish	Turkic	powsm	0.4254	0.0557	0.3812	0.0527
fleurs_tur_005	Turkish	Turkic	wav2vec2phoneme	0.4199	0.1085	0.3812	0.0952
fleurs_tur_005	Turkish	Turkic	whipa	0.4862	0.1339	0.4088	0.1274
fleurs_tur_005	Turkish	Turkic	whipa_comb	0.6906	0.1573	0.5801	0.1552
fleurs_tur_005	Turkish	Turkic	whipa_large	0.4696	0.0961	0.4751	0.0874
fleurs_tur_005	Turkish	Turkic	zipa	0.2155	0.0605	0.2099	0.0482
fleurs_tur_005	Turkish	Turkic	zipa_large	0.1989	0.0677	0.1878	0.0550
fleurs_tur_006	Turkish	Turkic	allophant	0.2889	0.0403	0.2667	0.0571
fleurs_tur_006	Turkish	Turkic	allosaurus	0.7333	0.1606	0.6889	0.1798
fleurs_tur_006	Turkish	Turkic	multipa	0.4000	0.1176	0.4000	0.1159
fleurs_tur_006	Turkish	Turkic	powsm	0.2444	0.0093	0.1556	0.0054
fleurs_tur_006	Turkish	Turkic	wav2vec2phoneme	0.3556	0.0565	0.3556	0.0720
fleurs_tur_006	Turkish	Turkic	whipa	0.4222	0.0690	0.3333	0.0833
fleurs_tur_006	Turkish	Turkic	whipa_comb	0.4000	0.0241	0.3333	0.0190
fleurs_tur_006	Turkish	Turkic	whipa_large	0.4000	0.0208	0.4222	0.0213
fleurs_tur_006	Turkish	Turkic	zipa	0.2444	0.0301	0.1556	0.0036
fleurs_tur_006	Turkish	Turkic	zipa_large	0.1778	0.0500	0.1333	0.0249
fleurs_tur_007	Turkish	Turkic	allophant	0.5065	0.1615	0.4675	0.1604
fleurs_tur_007	Turkish	Turkic	allosaurus	0.8571	0.2665	0.7792	0.2895
fleurs_tur_007	Turkish	Turkic	multipa	0.5844	0.1380	0.5714	0.1350
fleurs_tur_007	Turkish	Turkic	powsm	0.3896	0.1255	0.3636	0.1245
fleurs_tur_007	Turkish	Turkic	wav2vec2phoneme	0.6494	0.1937	0.5974	0.1910
fleurs_tur_007	Turkish	Turkic	whipa	0.5974	0.1521	0.4935	0.1477
fleurs_tur_007	Turkish	Turkic	whipa_comb	0.7143	0.1515	0.5714	0.1423
fleurs_tur_007	Turkish	Turkic	whipa_large	0.4675	0.1280	0.4416	0.1264
fleurs_tur_007	Turkish	Turkic	zipa	0.2078	0.0969	0.2078	0.0969
fleurs_tur_007	Turkish	Turkic	zipa_large	0.2208	0.1069	0.2078	0.1063
fleurs_tur_008	Turkish	Turkic	allophant	0.4918	0.1035	0.4590	0.0971
fleurs_tur_008	Turkish	Turkic	allosaurus	0.6311	0.1489	0.5164	0.1465
fleurs_tur_008	Turkish	Turkic	multipa	0.3852	0.0994	0.3525	0.1003
fleurs_tur_008	Turkish	Turkic	powsm	0.2705	0.0256	0.2295	0.0237
fleurs_tur_008	Turkish	Turkic	wav2vec2phoneme	0.3525	0.1151	0.3197	0.1170
fleurs_tur_008	Turkish	Turkic	whipa	0.5246	0.1407	0.4590	0.1382
fleurs_tur_008	Turkish	Turkic	whipa_comb	0.5492	0.1327	0.4262	0.1308
fleurs_tur_008	Turkish	Turkic	whipa_large	0.3525	0.0705	0.3361	0.0696
fleurs_tur_008	Turkish	Turkic	zipa	0.1393	0.0256	0.1148	0.0269
fleurs_tur_008	Turkish	Turkic	zipa_large	0.1311	0.0254	0.1066	0.0268
fleurs_tur_009	Turkish	Turkic	allophant	0.4333	0.0854	0.3833	0.0840
fleurs_tur_009	Turkish	Turkic	allosaurus	0.7500	0.2146	0.7000	0.2118
fleurs_tur_009	Turkish	Turkic	multipa	0.5333	0.1809	0.4500	0.1802
fleurs_tur_009	Turkish	Turkic	powsm	0.3167	0.0604	0.3000	0.0590
fleurs_tur_009	Turkish	Turkic	wav2vec2phoneme	0.5167	0.0847	0.4833	0.0833
fleurs_tur_009	Turkish	Turkic	whipa	0.5833	0.1625	0.5333	0.1597
fleurs_tur_009	Turkish	Turkic	whipa_comb	0.6333	0.1101	0.5833	0.1073
fleurs_tur_009	Turkish	Turkic	whipa_large	0.3667	0.0628	0.3000	0.0601
fleurs_tur_009	Turkish	Turkic	zipa	0.2667	0.0740	0.2667	0.0733
fleurs_tur_009	Turkish	Turkic	zipa_large	0.1167	0.0358	0.1000	0.0351
fleurs_tur_010	Turkish	Turkic	allophant	0.5156	0.1073	0.4667	0.0964
fleurs_tur_010	Turkish	Turkic	allosaurus	0.6756	0.1554	0.5689	0.1480
fleurs_tur_010	Turkish	Turkic	multipa	0.5067	0.1400	0.5111	0.1387
fleurs_tur_010	Turkish	Turkic	powsm	0.4178	0.0447	0.3778	0.0451
fleurs_tur_010	Turkish	Turkic	wav2vec2phoneme	0.4711	0.1213	0.4444	0.1095
fleurs_tur_010	Turkish	Turkic	whipa	0.5867	0.1426	0.4800	0.1423
fleurs_tur_010	Turkish	Turkic	whipa_comb	0.5911	0.1536	0.4667	0.1444
fleurs_tur_010	Turkish	Turkic	whipa_large	1.7022	0.8738	1.6978	0.8364
fleurs_tur_010	Turkish	Turkic	zipa	0.2444	0.0642	0.2222	0.0534
fleurs_tur_010	Turkish	Turkic	zipa_large	0.2089	0.0589	0.1911	0.0481
fleurs_tur_011	Turkish	Turkic	allophant	0.5267	0.0814	0.4626	0.0883
fleurs_tur_011	Turkish	Turkic	allosaurus	0.6655	0.1668	0.5907	0.1694
fleurs_tur_011	Turkish	Turkic	multipa	0.4626	0.1177	0.4377	0.1175
fleurs_tur_011	Turkish	Turkic	powsm	0.3879	0.1488	0.3665	0.1443
fleurs_tur_011	Turkish	Turkic	wav2vec2phoneme	0.5160	0.1217	0.4626	0.1213
fleurs_tur_011	Turkish	Turkic	whipa	0.5053	0.1210	0.4235	0.1201
fleurs_tur_011	Turkish	Turkic	whipa_comb	0.5979	0.1426	0.4804	0.1340
fleurs_tur_011	Turkish	Turkic	whipa_large	0.4769	0.1108	0.4840	0.1043
fleurs_tur_011	Turkish	Turkic	zipa	0.1530	0.0582	0.1495	0.0407
fleurs_tur_011	Turkish	Turkic	zipa_large	0.1281	0.0559	0.1246	0.0377
fleurs_tur_012	Turkish	Turkic	allophant	0.5243	0.1339	0.4175	0.1110
fleurs_tur_012	Turkish	Turkic	allosaurus	0.7184	0.1766	0.6505	0.1732
fleurs_tur_012	Turkish	Turkic	multipa	0.5728	0.1808	0.5534	0.1765
fleurs_tur_012	Turkish	Turkic	powsm	0.3592	0.0667	0.3398	0.0645
fleurs_tur_012	Turkish	Turkic	wav2vec2phoneme	0.5728	0.1386	0.5049	0.1360
fleurs_tur_012	Turkish	Turkic	whipa	0.5825	0.1456	0.4369	0.1488
fleurs_tur_012	Turkish	Turkic	whipa_comb	0.6505	0.1511	0.5922	0.1509
fleurs_tur_012	Turkish	Turkic	whipa_large	0.4175	0.1032	0.4272	0.0910
fleurs_tur_012	Turkish	Turkic	zipa	0.1748	0.0781	0.1748	0.0513
fleurs_tur_012	Turkish	Turkic	zipa_large	0.2233	0.0975	0.2136	0.0694
fleurs_tur_013	Turkish	Turkic	allophant	0.4364	0.0739	0.4182	0.0780
fleurs_tur_013	Turkish	Turkic	allosaurus	0.7273	0.2165	0.6455	0.2159
fleurs_tur_013	Turkish	Turkic	multipa	0.4000	0.0831	0.3727	0.0855
fleurs_tur_013	Turkish	Turkic	powsm	0.3000	0.0386	0.2545	0.0358
fleurs_tur_013	Turkish	Turkic	wav2vec2phoneme	0.4636	0.0936	0.4273	0.0669
fleurs_tur_013	Turkish	Turkic	whipa	0.4818	0.1216	0.3364	0.1119
fleurs_tur_013	Turkish	Turkic	whipa_comb	0.7182	0.2282	0.5909	0.2087
fleurs_tur_013	Turkish	Turkic	whipa_large	0.2545	0.0468	0.2909	0.0448
fleurs_tur_013	Turkish	Turkic	zipa	0.3000	0.0515	0.2636	0.0242
fleurs_tur_013	Turkish	Turkic	zipa_large	0.2000	0.0555	0.1545	0.0277
fleurs_tur_014	Turkish	Turkic	allophant	0.7714	0.1792	0.7714	0.1577
fleurs_tur_014	Turkish	Turkic	allosaurus	0.7714	0.1815	0.7143	0.1762
fleurs_tur_014	Turkish	Turkic	multipa	0.6286	0.1676	0.6000	0.1886
fleurs_tur_014	Turkish	Turkic	powsm	0.4143	0.0494	0.4000	0.0670
fleurs_tur_014	Turkish	Turkic	wav2vec2phoneme	0.6429	0.1143	0.6143	0.1464
fleurs_tur_014	Turkish	Turkic	whipa	0.9429	0.3938	0.9286	0.3533
fleurs_tur_014	Turkish	Turkic	whipa_comb	0.8000	0.1863	0.7857	0.1678
fleurs_tur_014	Turkish	Turkic	whipa_large	0.3714	0.0432	0.4429	0.0529
fleurs_tur_014	Turkish	Turkic	zipa	0.3857	0.0833	0.3857	0.0923
fleurs_tur_014	Turkish	Turkic	zipa_large	0.2714	0.0670	0.2714	0.0673
fleurs_tur_015	Turkish	Turkic	allophant	0.4333	0.0958	0.4000	0.0944
fleurs_tur_015	Turkish	Turkic	allosaurus	0.6333	0.2309	0.5833	0.2302
fleurs_tur_015	Turkish	Turkic	multipa	0.4667	0.1413	0.4667	0.1413
fleurs_tur_015	Turkish	Turkic	powsm	0.3667	0.0778	0.3500	0.0771
fleurs_tur_015	Turkish	Turkic	wav2vec2phoneme	0.5833	0.1434	0.5500	0.1406
fleurs_tur_015	Turkish	Turkic	whipa	0.6667	0.1566	0.6333	0.1552
fleurs_tur_015	Turkish	Turkic	whipa_comb	0.6667	0.1222	0.6000	0.1194
fleurs_tur_015	Turkish	Turkic	whipa_large	0.3667	0.0809	0.3333	0.0795
fleurs_tur_015	Turkish	Turkic	zipa	0.1667	0.0830	0.1667	0.0823
fleurs_tur_015	Turkish	Turkic	zipa_large	0.2333	0.1087	0.2333	0.1080
fleurs_tur_016	Turkish	Turkic	allophant	0.5000	0.0985	0.4671	0.1032
fleurs_tur_016	Turkish	Turkic	allosaurus	0.6974	0.1711	0.5921	0.1729
fleurs_tur_016	Turkish	Turkic	multipa	0.4276	0.1335	0.4013	0.1310
fleurs_tur_016	Turkish	Turkic	powsm	0.2500	0.0329	0.2303	0.0319
fleurs_tur_016	Turkish	Turkic	wav2vec2phoneme	0.5066	0.0983	0.5000	0.1005
fleurs_tur_016	Turkish	Turkic	whipa	0.4408	0.0942	0.4145	0.0937
fleurs_tur_016	Turkish	Turkic	whipa_comb	0.5197	0.1077	0.4211	0.0979
fleurs_tur_016	Turkish	Turkic	whipa_large	0.3487	0.0667	0.3487	0.0663
fleurs_tur_016	Turkish	Turkic	zipa	0.1118	0.0333	0.0987	0.0283
fleurs_tur_016	Turkish	Turkic	zipa_large	0.0921	0.0223	0.0855	0.0153
fleurs_tur_017	Turkish	Turkic	allophant	0.5745	0.1354	0.5319	0.1332
fleurs_tur_017	Turkish	Turkic	allosaurus	0.7553	0.1864	0.7128	0.1828
fleurs_tur_017	Turkish	Turkic	multipa	0.6064	0.1261	0.4362	0.1222
fleurs_tur_017	Turkish	Turkic	powsm	0.2872	0.0270	0.2660	0.0253
fleurs_tur_017	Turkish	Turkic	wav2vec2phoneme	0.4787	0.1011	0.4043	0.0999
fleurs_tur_017	Turkish	Turkic	whipa	0.5000	0.1073	0.4255	0.1001
fleurs_tur_017	Turkish	Turkic	whipa_comb	0.5213	0.1500	0.4787	0.1448
fleurs_tur_017	Turkish	Turkic	whipa_large	0.4043	0.0851	0.3617	0.0823
fleurs_tur_017	Turkish	Turkic	zipa	0.2021	0.0465	0.1915	0.0341
fleurs_tur_017	Turkish	Turkic	zipa_large	0.1383	0.0450	0.1277	0.0305
fleurs_tur_018	Turkish	Turkic	allophant	0.5169	0.1126	0.5000	0.0942
fleurs_tur_018	Turkish	Turkic	allosaurus	0.6441	0.1783	0.5763	0.1822
fleurs_tur_018	Turkish	Turkic	multipa	0.4831	0.1536	0.4831	0.1451
fleurs_tur_018	Turkish	Turkic	powsm	0.3390	0.0477	0.2881	0.0444
fleurs_tur_018	Turkish	Turkic	wav2vec2phoneme	0.4746	0.1248	0.4492	0.1174
fleurs_tur_018	Turkish	Turkic	whipa	0.4153	0.1276	0.3814	0.1191
fleurs_tur_018	Turkish	Turkic	whipa_comb	0.6186	0.1548	0.5424	0.1439
fleurs_tur_018	Turkish	Turkic	whipa_large	0.3983	0.0812	0.4153	0.0647
fleurs_tur_018	Turkish	Turkic	zipa	0.1610	0.0706	0.1525	0.0432
fleurs_tur_018	Turkish	Turkic	zipa_large	0.1525	0.0648	0.1441	0.0427
fleurs_tur_019	Turkish	Turkic	allophant	0.7714	0.1443	0.7571	0.1399
fleurs_tur_019	Turkish	Turkic	allosaurus	0.6857	0.1527	0.6000	0.1579
fleurs_tur_019	Turkish	Turkic	multipa	0.6571	0.1452	0.6429	0.1486
fleurs_tur_019	Turkish	Turkic	powsm	0.3857	0.0414	0.3714	0.0512
fleurs_tur_019	Turkish	Turkic	wav2vec2phoneme	0.6143	0.0940	0.6000	0.1289
fleurs_tur_019	Turkish	Turkic	whipa	0.5571	0.1318	0.5000	0.1433
fleurs_tur_019	Turkish	Turkic	whipa_comb	0.7571	0.1878	0.7286	0.1608
fleurs_tur_019	Turkish	Turkic	whipa_large	0.3571	0.0301	0.4000	0.0405
fleurs_tur_019	Turkish	Turkic	zipa	0.2714	0.0610	0.2714	0.0493
fleurs_tur_019	Turkish	Turkic	zipa_large	0.2143	0.0649	0.2143	0.0327
fleurs_tur_020	Turkish	Turkic	allophant	0.5512	0.1509	0.4882	0.1454
fleurs_tur_020	Turkish	Turkic	allosaurus	0.6535	0.2287	0.5906	0.2317
fleurs_tur_020	Turkish	Turkic	multipa	0.4567	0.1486	0.4094	0.1561
fleurs_tur_020	Turkish	Turkic	powsm	0.3307	0.0348	0.3150	0.0386
fleurs_tur_020	Turkish	Turkic	wav2vec2phoneme	0.5197	0.1206	0.4646	0.1298
fleurs_tur_020	Turkish	Turkic	whipa	0.3780	0.0766	0.3386	0.0861
fleurs_tur_020	Turkish	Turkic	whipa_comb	0.5906	0.1140	0.4724	0.1074
fleurs_tur_020	Turkish	Turkic	whipa_large	0.3386	0.0697	0.3386	0.0660
fleurs_tur_020	Turkish	Turkic	zipa	0.2126	0.0510	0.2126	0.0378
fleurs_tur_020	Turkish	Turkic	zipa_large	0.1890	0.0556	0.1811	0.0420
fleurs_fin_001	Finnish	Uralic	allophant	0.4802	0.1815	0.3955	0.1791
fleurs_fin_001	Finnish	Uralic	allosaurus	0.7740	0.2109	0.6667	0.2162
fleurs_fin_001	Finnish	Uralic	multipa	0.4802	0.0791	0.4181	0.0809
fleurs_fin_001	Finnish	Uralic	powsm	0.2712	0.1209	0.2429	0.1197
fleurs_fin_001	Finnish	Uralic	wav2vec2phoneme	0.3955	0.0840	0.3672	0.0826
fleurs_fin_001	Finnish	Uralic	whipa	0.5254	0.1130	0.4350	0.1088
fleurs_fin_001	Finnish	Uralic	whipa_comb	0.4124	0.0930	0.2994	0.0871
fleurs_fin_001	Finnish	Uralic	whipa_large	0.2203	0.0319	0.1130	0.0318
fleurs_fin_001	Finnish	Uralic	zipa	0.5819	0.1039	0.5537	0.1028
fleurs_fin_001	Finnish	Uralic	zipa_large	0.4859	0.1010	0.4181	0.0979
fleurs_fin_002	Finnish	Uralic	allophant	0.4444	0.1257	0.3932	0.1229
fleurs_fin_002	Finnish	Uralic	allosaurus	0.6325	0.1692	0.5983	0.1667
fleurs_fin_002	Finnish	Uralic	multipa	0.3162	0.0848	0.2222	0.0721
fleurs_fin_002	Finnish	Uralic	powsm	0.1709	0.0942	0.1538	0.0935
fleurs_fin_002	Finnish	Uralic	wav2vec2phoneme	0.3333	0.1011	0.3077	0.0997
fleurs_fin_002	Finnish	Uralic	whipa	0.3761	0.0906	0.2991	0.0700
fleurs_fin_002	Finnish	Uralic	whipa_comb	0.2051	0.0349	0.0940	0.0299
fleurs_fin_002	Finnish	Uralic	whipa_large	0.1624	0.0518	0.1026	0.0493
fleurs_fin_002	Finnish	Uralic	zipa	0.3932	0.0636	0.3675	0.0625
fleurs_fin_002	Finnish	Uralic	zipa_large	0.3675	0.0671	0.3419	0.0661
fleurs_fin_003	Finnish	Uralic	allophant	0.7609	0.2541	0.7174	0.2514
fleurs_fin_003	Finnish	Uralic	allosaurus	0.7391	0.2767	0.6957	0.2749
fleurs_fin_003	Finnish	Uralic	multipa	0.6739	0.1961	0.6522	0.1934
fleurs_fin_003	Finnish	Uralic	powsm	0.3696	0.2532	0.3696	0.2532
fleurs_fin_003	Finnish	Uralic	wav2vec2phoneme	0.6087	0.1966	0.5870	0.1938
fleurs_fin_003	Finnish	Uralic	whipa	0.7826	0.2337	0.6957	0.2301
fleurs_fin_003	Finnish	Uralic	whipa_comb	0.4783	0.2396	0.3913	0.2341
fleurs_fin_003	Finnish	Uralic	whipa_large	0.1522	0.0480	0.0652	0.0444
fleurs_fin_003	Finnish	Uralic	zipa	0.6739	0.1803	0.6739	0.1803
fleurs_fin_003	Finnish	Uralic	zipa_large	0.6739	0.1947	0.6739	0.1947
fleurs_fin_004	Finnish	Uralic	allophant	0.5833	0.2240	0.5000	0.2216
fleurs_fin_004	Finnish	Uralic	allosaurus	0.6806	0.2072	0.5972	0.2040
fleurs_fin_004	Finnish	Uralic	multipa	0.4722	0.1351	0.3611	0.1293
fleurs_fin_004	Finnish	Uralic	powsm	0.2639	0.1244	0.2500	0.1238
fleurs_fin_004	Finnish	Uralic	wav2vec2phoneme	0.3194	0.0981	0.2778	0.0958
fleurs_fin_004	Finnish	Uralic	whipa	0.5139	0.1479	0.3889	0.1421
fleurs_fin_004	Finnish	Uralic	whipa_comb	0.3194	0.1039	0.1944	0.0987
fleurs_fin_004	Finnish	Uralic	whipa_large	0.1528	0.0561	0.0694	0.0527
fleurs_fin_004	Finnish	Uralic	zipa	0.3194	0.0990	0.2778	0.0972
fleurs_fin_004	Finnish	Uralic	zipa_large	0.4028	0.1042	0.3333	0.1013
fleurs_fin_005	Finnish	Uralic	allophant	0.4645	0.1695	0.4323	0.1673
fleurs_fin_005	Finnish	Uralic	allosaurus	0.7161	0.2126	0.7097	0.2116
fleurs_fin_005	Finnish	Uralic	multipa	0.3871	0.0919	0.3032	0.0816
fleurs_fin_005	Finnish	Uralic	powsm	0.2323	0.1195	0.2323	0.1195
fleurs_fin_005	Finnish	Uralic	wav2vec2phoneme	0.5419	0.1128	0.5032	0.1090
fleurs_fin_005	Finnish	Uralic	whipa	0.5226	0.1050	0.4387	0.1020
fleurs_fin_005	Finnish	Uralic	whipa_comb	0.3484	0.1012	0.2645	0.0917
fleurs_fin_005	Finnish	Uralic	whipa_large	0.1355	0.0579	0.0903	0.0560
fleurs_fin_005	Finnish	Uralic	zipa	0.4903	0.0836	0.4839	0.0833
fleurs_fin_005	Finnish	Uralic	zipa_large	0.4516	0.0841	0.4000	0.0817
fleurs_fin_006	Finnish	Uralic	allophant	0.4400	0.1614	0.3771	0.1588
fleurs_fin_006	Finnish	Uralic	allosaurus	0.7771	0.1893	0.6971	0.1980
fleurs_fin_006	Finnish	Uralic	multipa	0.3143	0.0540	0.2343	0.0514
fleurs_fin_006	Finnish	Uralic	powsm	0.1486	0.0738	0.1257	0.0729
fleurs_fin_006	Finnish	Uralic	wav2vec2phoneme	0.3200	0.0677	0.2914	0.0663
fleurs_fin_006	Finnish	Uralic	whipa	0.3486	0.0444	0.2571	0.0399
fleurs_fin_006	Finnish	Uralic	whipa_comb	0.2571	0.0589	0.1486	0.0539
fleurs_fin_006	Finnish	Uralic	whipa_large	0.1086	0.0070	0.0343	0.0037
fleurs_fin_006	Finnish	Uralic	zipa	0.3943	0.0544	0.3486	0.0525
fleurs_fin_006	Finnish	Uralic	zipa_large	0.3086	0.0542	0.2457	0.0515
fleurs_fin_007	Finnish	Uralic	allophant	0.6111	0.2160	0.5278	0.2141
fleurs_fin_007	Finnish	Uralic	allosaurus	0.6481	0.1939	0.6204	0.1923
fleurs_fin_007	Finnish	Uralic	multipa	0.3704	0.1545	0.2778	0.1507
fleurs_fin_007	Finnish	Uralic	powsm	0.2407	0.1759	0.2315	0.1755
fleurs_fin_007	Finnish	Uralic	wav2vec2phoneme	0.3704	0.1192	0.3519	0.1173
fleurs_fin_007	Finnish	Uralic	whipa	0.4722	0.1186	0.4259	0.1155
fleurs_fin_007	Finnish	Uralic	whipa_comb	0.5556	0.1943	0.3796	0.1861
fleurs_fin_007	Finnish	Uralic	whipa_large	0.1944	0.0588	0.0926	0.0546
fleurs_fin_007	Finnish	Uralic	zipa	0.4167	0.1549	0.3981	0.1541
fleurs_fin_007	Finnish	Uralic	zipa_large	0.4815	0.1545	0.4167	0.1522
fleurs_fin_008	Finnish	Uralic	allophant	0.4304	0.1436	0.4051	0.1425
fleurs_fin_008	Finnish	Uralic	allosaurus	0.6709	0.1344	0.6139	0.1371
fleurs_fin_008	Finnish	Uralic	multipa	0.2975	0.0721	0.2468	0.0695
fleurs_fin_008	Finnish	Uralic	powsm	0.1329	0.0839	0.1329	0.0839
fleurs_fin_008	Finnish	Uralic	wav2vec2phoneme	0.2911	0.0505	0.2848	0.0502
fleurs_fin_008	Finnish	Uralic	whipa	0.3165	0.0432	0.2532	0.0385
fleurs_fin_008	Finnish	Uralic	whipa_comb	0.2658	0.0509	0.1709	0.0467
fleurs_fin_008	Finnish	Uralic	whipa_large	0.1013	0.0343	0.0570	0.0322
fleurs_fin_008	Finnish	Uralic	zipa	0.4873	0.0581	0.4873	0.0581
fleurs_fin_008	Finnish	Uralic	zipa_large	0.3101	0.0526	0.2658	0.0502
fleurs_fin_009	Finnish	Uralic	allophant	0.4615	0.1262	0.4188	0.1241
fleurs_fin_009	Finnish	Uralic	allosaurus	0.8376	0.2776	0.7265	0.3091
fleurs_fin_009	Finnish	Uralic	multipa	0.2906	0.0682	0.2137	0.0646
fleurs_fin_009	Finnish	Uralic	powsm	0.1966	0.1083	0.1880	0.1079
fleurs_fin_009	Finnish	Uralic	wav2vec2phoneme	0.3077	0.0735	0.2991	0.0728
fleurs_fin_009	Finnish	Uralic	whipa	0.3932	0.0564	0.3077	0.0518
fleurs_fin_009	Finnish	Uralic	whipa_comb	0.2991	0.0671	0.1624	0.0611
fleurs_fin_009	Finnish	Uralic	whipa_large	0.1197	0.0278	0.0513	0.0246
fleurs_fin_009	Finnish	Uralic	zipa	0.5043	0.0974	0.4872	0.0967
fleurs_fin_009	Finnish	Uralic	zipa_large	0.4188	0.1026	0.3761	0.1015
fleurs_fin_010	Finnish	Uralic	allophant	0.6139	0.2625	0.5759	0.2609
fleurs_fin_010	Finnish	Uralic	allosaurus	0.7342	0.1883	0.7089	0.1912
fleurs_fin_010	Finnish	Uralic	multipa	0.4241	0.1572	0.3354	0.1524
fleurs_fin_010	Finnish	Uralic	powsm	0.3481	0.2468	0.3354	0.2466
fleurs_fin_010	Finnish	Uralic	wav2vec2phoneme	0.4937	0.1512	0.4810	0.1497
fleurs_fin_010	Finnish	Uralic	whipa	0.6013	0.1825	0.5127	0.1813
fleurs_fin_010	Finnish	Uralic	whipa_comb	0.4684	0.1560	0.3038	0.1489
fleurs_fin_010	Finnish	Uralic	whipa_large	0.3038	0.1255	0.1835	0.1203
fleurs_fin_010	Finnish	Uralic	zipa	0.6076	0.1543	0.5823	0.1535
fleurs_fin_010	Finnish	Uralic	zipa_large	0.5190	0.1515	0.4873	0.1507
fleurs_fin_011	Finnish	Uralic	allophant	0.4800	0.1508	0.4160	0.1485
fleurs_fin_011	Finnish	Uralic	allosaurus	0.6640	0.1503	0.6080	0.1478
fleurs_fin_011	Finnish	Uralic	multipa	0.4560	0.0768	0.3440	0.0705
fleurs_fin_011	Finnish	Uralic	powsm	0.2880	0.1878	0.2880	0.1878
fleurs_fin_011	Finnish	Uralic	wav2vec2phoneme	0.4480	0.1087	0.4240	0.1060
fleurs_fin_011	Finnish	Uralic	whipa	0.5600	0.1170	0.4800	0.1137
fleurs_fin_011	Finnish	Uralic	whipa_comb	0.4080	0.0640	0.1920	0.0543
fleurs_fin_011	Finnish	Uralic	whipa_large	0.2080	0.0522	0.0720	0.0465
fleurs_fin_011	Finnish	Uralic	zipa	0.5440	0.0898	0.4720	0.0868
fleurs_fin_011	Finnish	Uralic	zipa_large	0.5680	0.1042	0.4320	0.0978
fleurs_fin_012	Finnish	Uralic	allophant	0.6014	0.2545	0.5580	0.2530
fleurs_fin_012	Finnish	Uralic	allosaurus	0.9420	0.3022	0.8406	0.3280
fleurs_fin_012	Finnish	Uralic	multipa	0.5072	0.1374	0.4058	0.1350
fleurs_fin_012	Finnish	Uralic	powsm	0.2391	0.1383	0.2246	0.1377
fleurs_fin_012	Finnish	Uralic	wav2vec2phoneme	0.5217	0.1131	0.4855	0.1113
fleurs_fin_012	Finnish	Uralic	whipa	0.4710	0.1236	0.4130	0.1191
fleurs_fin_012	Finnish	Uralic	whipa_comb	0.3551	0.1197	0.2609	0.1158
fleurs_fin_012	Finnish	Uralic	whipa_large	0.1884	0.0865	0.1667	0.0859
fleurs_fin_012	Finnish	Uralic	zipa	0.5797	0.0971	0.5652	0.0968
fleurs_fin_012	Finnish	Uralic	zipa_large	0.4203	0.1179	0.3913	0.1167
fleurs_fin_013	Finnish	Uralic	allophant	0.4571	0.2119	0.4143	0.2113
fleurs_fin_013	Finnish	Uralic	allosaurus	0.8143	0.1762	0.7286	0.1720
fleurs_fin_013	Finnish	Uralic	multipa	0.5143	0.0935	0.4714	0.0899
fleurs_fin_013	Finnish	Uralic	powsm	0.2286	0.1405	0.2143	0.1411
fleurs_fin_013	Finnish	Uralic	wav2vec2phoneme	0.6714	0.1065	0.6143	0.1048
fleurs_fin_013	Finnish	Uralic	whipa	0.5571	0.1506	0.4429	0.1458
fleurs_fin_013	Finnish	Uralic	whipa_comb	0.4571	0.0738	0.3714	0.0685
fleurs_fin_013	Finnish	Uralic	whipa_large	0.1714	0.0616	0.1143	0.0604
fleurs_fin_013	Finnish	Uralic	zipa	0.5571	0.0890	0.5286	0.0890
fleurs_fin_013	Finnish	Uralic	zipa_large	0.6429	0.1310	0.6000	0.1304
fleurs_fin_014	Finnish	Uralic	allophant	0.4342	0.1509	0.4013	0.1498
fleurs_fin_014	Finnish	Uralic	allosaurus	0.7434	0.2288	0.6711	0.2303
fleurs_fin_014	Finnish	Uralic	multipa	0.3553	0.0806	0.2829	0.0781
fleurs_fin_014	Finnish	Uralic	powsm	0.2632	0.1572	0.2632	0.1572
fleurs_fin_014	Finnish	Uralic	wav2vec2phoneme	0.3618	0.0869	0.3553	0.0853
fleurs_fin_014	Finnish	Uralic	whipa	0.3816	0.0637	0.3289	0.0610
fleurs_fin_014	Finnish	Uralic	whipa_comb	0.5066	0.1878	0.4408	0.1845
fleurs_fin_014	Finnish	Uralic	whipa_large	0.1513	0.0493	0.0855	0.0466
fleurs_fin_014	Finnish	Uralic	zipa	0.4342	0.0865	0.4342	0.0865
fleurs_fin_014	Finnish	Uralic	zipa_large	0.4211	0.0913	0.4211	0.0913
fleurs_fin_015	Finnish	Uralic	allophant	0.3956	0.1797	0.3956	0.1797
fleurs_fin_015	Finnish	Uralic	allosaurus	0.7912	0.1882	0.7033	0.1845
fleurs_fin_015	Finnish	Uralic	multipa	0.5934	0.0973	0.5604	0.0955
fleurs_fin_015	Finnish	Uralic	powsm	0.2418	0.1344	0.2418	0.1344
fleurs_fin_015	Finnish	Uralic	wav2vec2phoneme	0.4835	0.0996	0.4396	0.0968
fleurs_fin_015	Finnish	Uralic	whipa	0.5714	0.1330	0.5275	0.1293
fleurs_fin_015	Finnish	Uralic	whipa_comb	0.4615	0.1635	0.3846	0.1584
fleurs_fin_015	Finnish	Uralic	whipa_large	0.1758	0.0492	0.1429	0.0478
fleurs_fin_015	Finnish	Uralic	zipa	0.4945	0.0785	0.4835	0.0781
fleurs_fin_015	Finnish	Uralic	zipa_large	0.4945	0.0792	0.4286	0.0760
fleurs_fin_016	Finnish	Uralic	allophant	0.4000	0.1107	0.3308	0.1075
fleurs_fin_016	Finnish	Uralic	allosaurus	0.7000	0.1769	0.6308	0.1793
fleurs_fin_016	Finnish	Uralic	multipa	0.3154	0.0401	0.2923	0.0391
fleurs_fin_016	Finnish	Uralic	powsm	0.1538	0.0822	0.1538	0.0822
fleurs_fin_016	Finnish	Uralic	wav2vec2phoneme	0.3154	0.0473	0.3077	0.0460
fleurs_fin_016	Finnish	Uralic	whipa	0.3846	0.0902	0.3538	0.0883
fleurs_fin_016	Finnish	Uralic	whipa_comb	0.2769	0.0433	0.2154	0.0407
fleurs_fin_016	Finnish	Uralic	whipa_large	0.1538	0.0306	0.0769	0.0271
fleurs_fin_016	Finnish	Uralic	zipa	0.4538	0.0628	0.4538	0.0628
fleurs_fin_016	Finnish	Uralic	zipa_large	0.2846	0.0667	0.2615	0.0657
fleurs_fin_017	Finnish	Uralic	allophant	0.8261	0.6063	0.7826	0.6045
fleurs_fin_017	Finnish	Uralic	allosaurus	0.9565	0.4810	0.8986	0.4786
fleurs_fin_017	Finnish	Uralic	multipa	0.7391	0.4825	0.6812	0.4825
fleurs_fin_017	Finnish	Uralic	powsm	0.5797	0.5130	0.5797	0.5130
fleurs_fin_017	Finnish	Uralic	wav2vec2phoneme	0.8116	0.4112	0.7536	0.4058
fleurs_fin_017	Finnish	Uralic	whipa	0.6667	0.4523	0.6522	0.4635
fleurs_fin_017	Finnish	Uralic	whipa_comb	0.6812	0.5069	0.6522	0.5057
fleurs_fin_017	Finnish	Uralic	whipa_large	0.5507	0.4568	0.5217	0.4556
fleurs_fin_017	Finnish	Uralic	zipa	0.8841	0.4556	0.8551	0.4544
fleurs_fin_017	Finnish	Uralic	zipa_large	0.7971	0.4387	0.7536	0.4375
fleurs_fin_018	Finnish	Uralic	allophant	0.6733	0.3567	0.6467	0.3556
fleurs_fin_018	Finnish	Uralic	allosaurus	1.0533	0.4487	0.9733	0.4571
fleurs_fin_018	Finnish	Uralic	multipa	0.7467	0.2992	0.6400	0.3013
fleurs_fin_018	Finnish	Uralic	powsm	0.4400	0.3407	0.4267	0.3401
fleurs_fin_018	Finnish	Uralic	wav2vec2phoneme	0.7133	0.2699	0.6733	0.2676
fleurs_fin_018	Finnish	Uralic	whipa	0.7333	0.3167	0.6600	0.3196
fleurs_fin_018	Finnish	Uralic	whipa_comb	0.5600	0.3081	0.4933	0.3042
fleurs_fin_018	Finnish	Uralic	whipa_large	0.3933	0.2781	0.3400	0.2761
fleurs_fin_018	Finnish	Uralic	zipa	0.8000	0.2801	0.7867	0.2793
fleurs_fin_018	Finnish	Uralic	zipa_large	0.7400	0.2776	0.6800	0.2746
fleurs_fin_019	Finnish	Uralic	allophant	0.5920	0.3157	0.5345	0.3131
fleurs_fin_019	Finnish	Uralic	allosaurus	0.6839	0.2002	0.6379	0.2035
fleurs_fin_019	Finnish	Uralic	multipa	0.5977	0.2574	0.4943	0.2530
fleurs_fin_019	Finnish	Uralic	powsm	0.3793	0.2768	0.3621	0.2761
fleurs_fin_019	Finnish	Uralic	wav2vec2phoneme	0.4943	0.1845	0.4598	0.1826
fleurs_fin_019	Finnish	Uralic	whipa	0.6724	0.2462	0.6092	0.2426
fleurs_fin_019	Finnish	Uralic	whipa_comb	0.5632	0.2026	0.4080	0.1954
fleurs_fin_019	Finnish	Uralic	whipa_large	0.2759	0.0633	0.1724	0.0590
fleurs_fin_019	Finnish	Uralic	zipa	0.6207	0.2095	0.6034	0.2088
fleurs_fin_019	Finnish	Uralic	zipa_large	0.5862	0.2136	0.5575	0.2126
fleurs_fin_020	Finnish	Uralic	allophant	0.4158	0.1547	0.3861	0.1535
fleurs_fin_020	Finnish	Uralic	allosaurus	0.7030	0.1739	0.6337	0.1706
fleurs_fin_020	Finnish	Uralic	multipa	0.5446	0.1302	0.3861	0.1330
fleurs_fin_020	Finnish	Uralic	powsm	0.2475	0.1429	0.2376	0.1425
fleurs_fin_020	Finnish	Uralic	wav2vec2phoneme	0.4554	0.1465	0.4257	0.1448
fleurs_fin_020	Finnish	Uralic	whipa	0.4653	0.1403	0.3861	0.1361
fleurs_fin_020	Finnish	Uralic	whipa_comb	0.3069	0.1215	0.2178	0.1178
fleurs_fin_020	Finnish	Uralic	whipa_large	0.1683	0.0598	0.0891	0.0565
fleurs_fin_020	Finnish	Uralic	zipa	0.4851	0.1233	0.4554	0.1221
fleurs_fin_020	Finnish	Uralic	zipa_large	0.4356	0.1190	0.3465	0.1145
fleurs_swa_001	Swahili	Atlantic-Congo	allophant	0.6489	0.3903	0.6064	0.3894
fleurs_swa_001	Swahili	Atlantic-Congo	allosaurus	0.8404	0.2737	0.7872	0.3021
fleurs_swa_001	Swahili	Atlantic-Congo	multipa	0.6489	0.2821	0.6489	0.2937
fleurs_swa_001	Swahili	Atlantic-Congo	powsm	0.3404	0.2170	0.3404	0.2170
fleurs_swa_001	Swahili	Atlantic-Congo	wav2vec2phoneme	0.5426	0.2427	0.5426	0.2427
fleurs_swa_001	Swahili	Atlantic-Congo	whipa	0.7234	0.2784	0.5851	0.3016
fleurs_swa_001	Swahili	Atlantic-Congo	whipa_comb	0.6915	0.2564	0.5851	0.2764
fleurs_swa_001	Swahili	Atlantic-Congo	whipa_large	0.6277	0.2786	0.6596	0.3065
fleurs_swa_001	Swahili	Atlantic-Congo	zipa	0.3936	0.2387	0.3936	0.2387
fleurs_swa_001	Swahili	Atlantic-Congo	zipa_large	0.3830	0.2411	0.3830	0.2411
fleurs_swa_002	Swahili	Atlantic-Congo	allophant	0.3902	0.1999	0.3902	0.2005
fleurs_swa_002	Swahili	Atlantic-Congo	allosaurus	0.5488	0.1486	0.4756	0.1461
fleurs_swa_002	Swahili	Atlantic-Congo	multipa	0.3537	0.0892	0.3415	0.0887
fleurs_swa_002	Swahili	Atlantic-Congo	powsm	0.0610	0.0351	0.0610	0.0351
fleurs_swa_002	Swahili	Atlantic-Congo	wav2vec2phoneme	0.2561	0.1220	0.2561	0.1220
fleurs_swa_002	Swahili	Atlantic-Congo	whipa	0.5488	0.1214	0.3171	0.1087
fleurs_swa_002	Swahili	Atlantic-Congo	whipa_comb	0.6098	0.1458	0.4390	0.1415
fleurs_swa_002	Swahili	Atlantic-Congo	whipa_large	0.1463	0.0564	0.1463	0.0564
fleurs_swa_002	Swahili	Atlantic-Congo	zipa	0.0976	0.0447	0.0976	0.0447
fleurs_swa_002	Swahili	Atlantic-Congo	zipa_large	0.0854	0.0467	0.0854	0.0467
fleurs_swa_003	Swahili	Atlantic-Congo	allophant	0.2716	0.1034	0.2593	0.0897
fleurs_swa_003	Swahili	Atlantic-Congo	allosaurus	0.6667	0.1865	0.6296	0.1743
fleurs_swa_003	Swahili	Atlantic-Congo	multipa	0.3704	0.1548	0.3457	0.1519
fleurs_swa_003	Swahili	Atlantic-Congo	powsm	0.0864	0.0370	0.0864	0.0241
fleurs_swa_003	Swahili	Atlantic-Congo	wav2vec2phoneme	0.3210	0.1489	0.2963	0.1341
fleurs_swa_003	Swahili	Atlantic-Congo	whipa	0.4691	0.1152	0.3704	0.1092
fleurs_swa_003	Swahili	Atlantic-Congo	whipa_comb	0.6173	0.1420	0.3827	0.1390
fleurs_swa_003	Swahili	Atlantic-Congo	whipa_large	0.4691	0.1150	0.4198	0.1105
fleurs_swa_003	Swahili	Atlantic-Congo	zipa	0.1111	0.0419	0.1111	0.0290
fleurs_swa_003	Swahili	Atlantic-Congo	zipa_large	0.1111	0.0388	0.1111	0.0259
fleurs_swa_004	Swahili	Atlantic-Congo	allophant	0.4153	0.1854	0.4068	0.1857
fleurs_swa_004	Swahili	Atlantic-Congo	allosaurus	0.7119	0.1757	0.6695	0.1734
fleurs_swa_004	Swahili	Atlantic-Congo	multipa	0.6017	0.1130	0.4153	0.1243
fleurs_swa_004	Swahili	Atlantic-Congo	powsm	0.1271	0.0630	0.1271	0.0630
fleurs_swa_004	Swahili	Atlantic-Congo	wav2vec2phoneme	0.3814	0.1490	0.3814	0.1490
fleurs_swa_004	Swahili	Atlantic-Congo	whipa	0.5339	0.1395	0.4237	0.1340
fleurs_swa_004	Swahili	Atlantic-Congo	whipa_comb	0.6017	0.1623	0.4237	0.1628
fleurs_swa_004	Swahili	Atlantic-Congo	whipa_large	0.3898	0.1093	0.3729	0.1088
fleurs_swa_004	Swahili	Atlantic-Congo	zipa	0.1949	0.0761	0.1949	0.0761
fleurs_swa_004	Swahili	Atlantic-Congo	zipa_large	0.1610	0.0757	0.1610	0.0757
fleurs_swa_005	Swahili	Atlantic-Congo	allophant	0.2564	0.0983	0.2308	0.0978
fleurs_swa_005	Swahili	Atlantic-Congo	allosaurus	0.4359	0.1752	0.4231	0.1765
fleurs_swa_005	Swahili	Atlantic-Congo	multipa	0.3205	0.0499	0.2179	0.0614
fleurs_swa_005	Swahili	Atlantic-Congo	powsm	0.1026	0.0403	0.1026	0.0403
fleurs_swa_005	Swahili	Atlantic-Congo	wav2vec2phoneme	0.1538	0.0665	0.1538	0.0665
fleurs_swa_005	Swahili	Atlantic-Congo	whipa	0.4744	0.1242	0.2949	0.1303
fleurs_swa_005	Swahili	Atlantic-Congo	whipa_comb	0.5385	0.1066	0.1923	0.0911
fleurs_swa_005	Swahili	Atlantic-Congo	whipa_large	0.3205	0.0601	0.2821	0.0694
fleurs_swa_005	Swahili	Atlantic-Congo	zipa	0.1282	0.0558	0.1282	0.0558
fleurs_swa_005	Swahili	Atlantic-Congo	zipa_large	0.1282	0.0558	0.1282	0.0558
fleurs_swa_006	Swahili	Atlantic-Congo	allophant	0.3861	0.2031	0.3544	0.1878
fleurs_swa_006	Swahili	Atlantic-Congo	allosaurus	0.7468	0.2181	0.6456	0.2204
fleurs_swa_006	Swahili	Atlantic-Congo	multipa	0.3987	0.1399	0.3797	0.1456
fleurs_swa_006	Swahili	Atlantic-Congo	powsm	0.1709	0.0711	0.1709	0.0582
fleurs_swa_006	Swahili	Atlantic-Congo	wav2vec2phoneme	0.3228	0.1319	0.3038	0.1169
fleurs_swa_006	Swahili	Atlantic-Congo	whipa	0.5696	0.1706	0.4241	0.1635
fleurs_swa_006	Swahili	Atlantic-Congo	whipa_comb	0.7532	0.2774	0.5380	0.2518
fleurs_swa_006	Swahili	Atlantic-Congo	whipa_large	0.3038	0.1254	0.2975	0.1316
fleurs_swa_006	Swahili	Atlantic-Congo	zipa	0.1899	0.0932	0.1899	0.0801
fleurs_swa_006	Swahili	Atlantic-Congo	zipa_large	0.1899	0.0932	0.1899	0.0801
fleurs_swa_007	Swahili	Atlantic-Congo	allophant	0.3925	0.2087	0.3551	0.1794
fleurs_swa_007	Swahili	Atlantic-Congo	allosaurus	0.7009	0.1737	0.6168	0.1638
fleurs_swa_007	Swahili	Atlantic-Congo	multipa	0.2523	0.0356	0.2710	0.0491
fleurs_swa_007	Swahili	Atlantic-Congo	powsm	0.1028	0.0539	0.1028	0.0261
fleurs_swa_007	Swahili	Atlantic-Congo	wav2vec2phoneme	0.2056	0.1139	0.1869	0.1182
fleurs_swa_007	Swahili	Atlantic-Congo	whipa	0.3551	0.0960	0.2617	0.0947
fleurs_swa_007	Swahili	Atlantic-Congo	whipa_comb	0.3084	0.0931	0.3084	0.1008
fleurs_swa_007	Swahili	Atlantic-Congo	whipa_large	0.2243	0.0693	0.2243	0.0811
fleurs_swa_007	Swahili	Atlantic-Congo	zipa	0.1495	0.0734	0.1495	0.0451
fleurs_swa_007	Swahili	Atlantic-Congo	zipa_large	0.1215	0.0543	0.1215	0.0265
fleurs_swa_008	Swahili	Atlantic-Congo	allophant	0.2987	0.1730	0.2987	0.1730
fleurs_swa_008	Swahili	Atlantic-Congo	allosaurus	0.6753	0.1776	0.5779	0.1960
fleurs_swa_008	Swahili	Atlantic-Congo	multipa	0.4286	0.0870	0.2662	0.0866
fleurs_swa_008	Swahili	Atlantic-Congo	powsm	0.1169	0.0463	0.1169	0.0463
fleurs_swa_008	Swahili	Atlantic-Congo	wav2vec2phoneme	0.2922	0.1238	0.2727	0.1230
fleurs_swa_008	Swahili	Atlantic-Congo	whipa	1.4416	1.0299	1.4351	1.0296
fleurs_swa_008	Swahili	Atlantic-Congo	whipa_comb	0.4416	0.0965	0.2468	0.0856
fleurs_swa_008	Swahili	Atlantic-Congo	whipa_large	0.4416	0.0939	0.3571	0.0901
fleurs_swa_008	Swahili	Atlantic-Congo	zipa	0.1169	0.0547	0.1169	0.0547
fleurs_swa_008	Swahili	Atlantic-Congo	zipa_large	0.1039	0.0368	0.1039	0.0368
fleurs_swa_009	Swahili	Atlantic-Congo	allophant	0.4272	0.2294	0.4175	0.2177
fleurs_swa_009	Swahili	Atlantic-Congo	allosaurus	0.5728	0.1529	0.5146	0.1556
fleurs_swa_009	Swahili	Atlantic-Congo	multipa	0.3786	0.1078	0.2913	0.1048
fleurs_swa_009	Swahili	Atlantic-Congo	powsm	0.1359	0.0514	0.1359	0.0411
fleurs_swa_009	Swahili	Atlantic-Congo	wav2vec2phoneme	0.2330	0.0860	0.2233	0.0753
fleurs_swa_009	Swahili	Atlantic-Congo	whipa	0.4563	0.0910	0.2816	0.0801
fleurs_swa_009	Swahili	Atlantic-Congo	whipa_comb	0.7961	0.3277	0.5728	0.3191
fleurs_swa_009	Swahili	Atlantic-Congo	whipa_large	0.2330	0.0795	0.2427	0.0783
fleurs_swa_009	Swahili	Atlantic-Congo	zipa	0.0971	0.0326	0.0971	0.0224
fleurs_swa_009	Swahili	Atlantic-Congo	zipa_large	0.0777	0.0229	0.0777	0.0128
fleurs_swa_010	Swahili	Atlantic-Congo	allophant	0.5000	0.2363	0.4268	0.2348
fleurs_swa_010	Swahili	Atlantic-Congo	allosaurus	0.5000	0.1618	0.4390	0.1700
fleurs_swa_010	Swahili	Atlantic-Congo	multipa	0.3171	0.0785	0.2805	0.0770
fleurs_swa_010	Swahili	Atlantic-Congo	powsm	0.0610	0.0071	0.0610	0.0071
fleurs_swa_010	Swahili	Atlantic-Congo	wav2vec2phoneme	0.2317	0.0894	0.2317	0.0894
fleurs_swa_010	Swahili	Atlantic-Congo	whipa	0.4878	0.0976	0.3171	0.0988
fleurs_swa_010	Swahili	Atlantic-Congo	whipa_comb	0.6098	0.0813	0.4878	0.0877
fleurs_swa_010	Swahili	Atlantic-Congo	whipa_large	0.3293	0.1110	0.2805	0.1085
fleurs_swa_010	Swahili	Atlantic-Congo	zipa	0.1585	0.0569	0.1585	0.0569
fleurs_swa_010	Swahili	Atlantic-Congo	zipa_large	0.1463	0.0330	0.1463	0.0330
fleurs_swa_011	Swahili	Atlantic-Congo	allophant	0.5436	0.3681	0.5168	0.3600
fleurs_swa_011	Swahili	Atlantic-Congo	allosaurus	0.7315	0.2469	0.6846	0.2301
fleurs_swa_011	Swahili	Atlantic-Congo	multipa	0.5772	0.2549	0.5369	0.2537
fleurs_swa_011	Swahili	Atlantic-Congo	powsm	0.3356	0.2136	0.3356	0.2092
fleurs_swa_011	Swahili	Atlantic-Congo	wav2vec2phoneme	0.5168	0.2083	0.5034	0.2006
fleurs_swa_011	Swahili	Atlantic-Congo	whipa	0.6242	0.2510	0.5369	0.2399
fleurs_swa_011	Swahili	Atlantic-Congo	whipa_comb	0.6846	0.2331	0.4966	0.2188
fleurs_swa_011	Swahili	Atlantic-Congo	whipa_large	0.4430	0.2264	0.4094	0.2177
fleurs_swa_011	Swahili	Atlantic-Congo	zipa	0.3826	0.2353	0.3826	0.2305
fleurs_swa_011	Swahili	Atlantic-Congo	zipa_large	0.3691	0.2445	0.3691	0.2278
fleurs_swa_012	Swahili	Atlantic-Congo	allophant	0.4396	0.1850	0.4066	0.1845
fleurs_swa_012	Swahili	Atlantic-Congo	allosaurus	0.5824	0.1223	0.5165	0.1257
fleurs_swa_012	Swahili	Atlantic-Congo	multipa	0.2967	0.0820	0.2747	0.0810
fleurs_swa_012	Swahili	Atlantic-Congo	powsm	0.1429	0.0515	0.1429	0.0515
fleurs_swa_012	Swahili	Atlantic-Congo	wav2vec2phoneme	0.2418	0.0929	0.2418	0.0929
fleurs_swa_012	Swahili	Atlantic-Congo	whipa	0.5385	0.1120	0.2527	0.1060
fleurs_swa_012	Swahili	Atlantic-Congo	whipa_comb	0.5714	0.1179	0.2747	0.1065
fleurs_swa_012	Swahili	Atlantic-Congo	whipa_large	0.2308	0.0430	0.2308	0.0430
fleurs_swa_012	Swahili	Atlantic-Congo	zipa	0.1319	0.0501	0.1319	0.0501
fleurs_swa_012	Swahili	Atlantic-Congo	zipa_large	0.1429	0.0504	0.1429	0.0504
fleurs_swa_013	Swahili	Atlantic-Congo	allophant	0.3030	0.1203	0.2576	0.1219
fleurs_swa_013	Swahili	Atlantic-Congo	allosaurus	0.8030	0.3924	0.7424	0.3688
fleurs_swa_013	Swahili	Atlantic-Congo	multipa	0.3485	0.1837	0.3636	0.1931
fleurs_swa_013	Swahili	Atlantic-Congo	powsm	0.0909	0.0230	0.0909	0.0342
fleurs_swa_013	Swahili	Atlantic-Congo	wav2vec2phoneme	0.2576	0.1168	0.2576	0.1266
fleurs_swa_013	Swahili	Atlantic-Congo	whipa	0.7121	0.2800	0.4697	0.2777
fleurs_swa_013	Swahili	Atlantic-Congo	whipa_comb	0.4545	0.1288	0.3182	0.1334
fleurs_swa_013	Swahili	Atlantic-Congo	whipa_large	0.2121	0.0931	0.2424	0.0911
fleurs_swa_013	Swahili	Atlantic-Congo	zipa	0.0455	0.0183	0.0455	0.0028
fleurs_swa_013	Swahili	Atlantic-Congo	zipa_large	0.0455	0.0183	0.0455	0.0028
fleurs_swa_014	Swahili	Atlantic-Congo	allophant	0.3790	0.2222	0.3699	0.2166
fleurs_swa_014	Swahili	Atlantic-Congo	allosaurus	0.8174	0.3023	0.6941	0.3337
fleurs_swa_014	Swahili	Atlantic-Congo	multipa	0.4201	0.1482	0.3607	0.1561
fleurs_swa_014	Swahili	Atlantic-Congo	powsm	0.1598	0.0695	0.1598	0.0646
fleurs_swa_014	Swahili	Atlantic-Congo	wav2vec2phoneme	0.2466	0.1436	0.2374	0.1381
fleurs_swa_014	Swahili	Atlantic-Congo	whipa	0.4429	0.1356	0.3425	0.1353
fleurs_swa_014	Swahili	Atlantic-Congo	whipa_comb	0.5571	0.1190	0.4521	0.1246
fleurs_swa_014	Swahili	Atlantic-Congo	whipa_large	0.2557	0.0910	0.2648	0.1025
fleurs_swa_014	Swahili	Atlantic-Congo	zipa	0.1598	0.0967	0.1598	0.0917
fleurs_swa_014	Swahili	Atlantic-Congo	zipa_large	0.1461	0.0843	0.1461	0.0793
fleurs_swa_015	Swahili	Atlantic-Congo	allophant	0.4382	0.1910	0.4382	0.1919
fleurs_swa_015	Swahili	Atlantic-Congo	allosaurus	0.8090	0.2381	0.7303	0.2875
fleurs_swa_015	Swahili	Atlantic-Congo	multipa	0.3596	0.1156	0.3371	0.1168
fleurs_swa_015	Swahili	Atlantic-Congo	powsm	0.0899	0.0178	0.0899	0.0178
fleurs_swa_015	Swahili	Atlantic-Congo	wav2vec2phoneme	0.2360	0.0880	0.2360	0.0880
fleurs_swa_015	Swahili	Atlantic-Congo	whipa	0.4270	0.0859	0.2584	0.0838
fleurs_swa_015	Swahili	Atlantic-Congo	whipa_comb	0.5056	0.1060	0.2247	0.0946
fleurs_swa_015	Swahili	Atlantic-Congo	whipa_large	0.4157	0.1414	0.4157	0.1388
fleurs_swa_015	Swahili	Atlantic-Congo	zipa	0.1685	0.0756	0.1685	0.0756
fleurs_swa_015	Swahili	Atlantic-Congo	zipa_large	0.1124	0.0356	0.1124	0.0356
fleurs_swa_016	Swahili	Atlantic-Congo	allophant	0.2381	0.1525	0.2262	0.1392
fleurs_swa_016	Swahili	Atlantic-Congo	allosaurus	0.5476	0.1562	0.4405	0.1635
fleurs_swa_016	Swahili	Atlantic-Congo	multipa	0.3214	0.0920	0.3214	0.0993
fleurs_swa_016	Swahili	Atlantic-Congo	powsm	0.0238	0.0122	0.0238	0.0000
fleurs_swa_016	Swahili	Atlantic-Congo	wav2vec2phoneme	0.2024	0.0880	0.1786	0.0745
fleurs_swa_016	Swahili	Atlantic-Congo	whipa	0.3690	0.0804	0.2857	0.0831
fleurs_swa_016	Swahili	Atlantic-Congo	whipa_comb	0.3929	0.0898	0.2619	0.0919
fleurs_swa_016	Swahili	Atlantic-Congo	whipa_large	0.2024	0.0665	0.2262	0.0703
fleurs_swa_016	Swahili	Atlantic-Congo	zipa	0.0714	0.0246	0.0714	0.0123
fleurs_swa_016	Swahili	Atlantic-Congo	zipa_large	0.0714	0.0246	0.0714	0.0123
fleurs_swa_017	Swahili	Atlantic-Congo	allophant	0.4516	0.1779	0.4086	0.1765
fleurs_swa_017	Swahili	Atlantic-Congo	allosaurus	0.6344	0.1566	0.5699	0.1537
fleurs_swa_017	Swahili	Atlantic-Congo	multipa	0.3871	0.1261	0.3763	0.1349
fleurs_swa_017	Swahili	Atlantic-Congo	powsm	0.1613	0.0504	0.1613	0.0504
fleurs_swa_017	Swahili	Atlantic-Congo	wav2vec2phoneme	0.3226	0.1366	0.3226	0.1371
fleurs_swa_017	Swahili	Atlantic-Congo	whipa	0.5269	0.1429	0.4624	0.1375
fleurs_swa_017	Swahili	Atlantic-Congo	whipa_comb	0.6022	0.1750	0.3656	0.1725
fleurs_swa_017	Swahili	Atlantic-Congo	whipa_large	0.3441	0.1120	0.3548	0.1259
fleurs_swa_017	Swahili	Atlantic-Congo	zipa	0.2043	0.0721	0.2043	0.0721
fleurs_swa_017	Swahili	Atlantic-Congo	zipa_large	0.1613	0.0399	0.1613	0.0399
fleurs_swa_018	Swahili	Atlantic-Congo	allophant	0.4176	0.2246	0.4176	0.2250
fleurs_swa_018	Swahili	Atlantic-Congo	allosaurus	0.8681	0.3855	0.7582	0.4006
fleurs_swa_018	Swahili	Atlantic-Congo	multipa	0.5934	0.2386	0.5604	0.2431
fleurs_swa_018	Swahili	Atlantic-Congo	powsm	0.0989	0.0460	0.0989	0.0460
fleurs_swa_018	Swahili	Atlantic-Congo	wav2vec2phoneme	0.3077	0.1761	0.2967	0.1756
fleurs_swa_018	Swahili	Atlantic-Congo	whipa	0.4505	0.1557	0.3077	0.1612
fleurs_swa_018	Swahili	Atlantic-Congo	whipa_comb	0.4286	0.1223	0.2527	0.1081
fleurs_swa_018	Swahili	Atlantic-Congo	whipa_large	0.3077	0.0492	0.2857	0.0533
fleurs_swa_018	Swahili	Atlantic-Congo	zipa	0.2308	0.1383	0.2308	0.1383
fleurs_swa_018	Swahili	Atlantic-Congo	zipa_large	0.1868	0.0939	0.1868	0.0939
fleurs_swa_019	Swahili	Atlantic-Congo	allophant	0.4752	0.1638	0.4257	0.1638
fleurs_swa_019	Swahili	Atlantic-Congo	allosaurus	0.7228	0.2407	0.6931	0.2801
fleurs_swa_019	Swahili	Atlantic-Congo	multipa	0.3465	0.1277	0.3069	0.1271
fleurs_swa_019	Swahili	Atlantic-Congo	powsm	0.1584	0.0893	0.1584	0.0893
fleurs_swa_019	Swahili	Atlantic-Congo	wav2vec2phoneme	0.1980	0.1071	0.1980	0.1071
fleurs_swa_019	Swahili	Atlantic-Congo	whipa	0.4455	0.1353	0.3267	0.1347
fleurs_swa_019	Swahili	Atlantic-Congo	whipa_comb	0.5545	0.1302	0.3069	0.1178
fleurs_swa_019	Swahili	Atlantic-Congo	whipa_large	0.3069	0.1104	0.3069	0.1219
fleurs_swa_019	Swahili	Atlantic-Congo	zipa	0.1782	0.0827	0.1782	0.0827
fleurs_swa_019	Swahili	Atlantic-Congo	zipa_large	0.1485	0.1046	0.1485	0.1046
fleurs_swa_020	Swahili	Atlantic-Congo	allophant	0.3111	0.1866	0.3000	0.1733
fleurs_swa_020	Swahili	Atlantic-Congo	allosaurus	0.6778	0.2005	0.6000	0.1992
fleurs_swa_020	Swahili	Atlantic-Congo	multipa	0.3000	0.0882	0.2889	0.0868
fleurs_swa_020	Swahili	Atlantic-Congo	powsm	0.0667	0.0255	0.0667	0.0140
fleurs_swa_020	Swahili	Atlantic-Congo	wav2vec2phoneme	0.2556	0.1319	0.2444	0.1284
fleurs_swa_020	Swahili	Atlantic-Congo	whipa	0.4778	0.1285	0.3778	0.1211
fleurs_swa_020	Swahili	Atlantic-Congo	whipa_comb	0.5556	0.1218	0.3556	0.1103
fleurs_swa_020	Swahili	Atlantic-Congo	whipa_large	0.3000	0.1197	0.3000	0.1174
fleurs_swa_020	Swahili	Atlantic-Congo	zipa	0.1111	0.0287	0.1111	0.0172
fleurs_swa_020	Swahili	Atlantic-Congo	zipa_large	0.1111	0.0375	0.1111	0.0259
fleurs_ind_001	Indonesian	Austronesian	allophant	0.6517	0.1922	0.5169	0.1875
fleurs_ind_001	Indonesian	Austronesian	allosaurus	0.6742	0.1870	0.5955	0.1929
fleurs_ind_001	Indonesian	Austronesian	multipa	0.3146	0.1035	0.3034	0.1121
fleurs_ind_001	Indonesian	Austronesian	powsm	0.0337	0.0023	0.0337	0.0023
fleurs_ind_001	Indonesian	Austronesian	wav2vec2phoneme	0.2584	0.0885	0.2584	0.0885
fleurs_ind_001	Indonesian	Austronesian	whipa	0.4382	0.1252	0.4045	0.1325
fleurs_ind_001	Indonesian	Austronesian	whipa_comb	0.3820	0.1138	0.3483	0.1196
fleurs_ind_001	Indonesian	Austronesian	whipa_large	0.3034	0.0204	0.2360	0.0276
fleurs_ind_001	Indonesian	Austronesian	zipa	0.0562	0.0136	0.0562	0.0136
fleurs_ind_001	Indonesian	Austronesian	zipa_large	0.1573	0.0206	0.1236	0.0192
fleurs_ind_002	Indonesian	Austronesian	allophant	0.4833	0.1573	0.4000	0.1213
fleurs_ind_002	Indonesian	Austronesian	allosaurus	0.5500	0.1493	0.5000	0.1569
fleurs_ind_002	Indonesian	Austronesian	multipa	0.5333	0.0642	0.4167	0.0746
fleurs_ind_002	Indonesian	Austronesian	powsm	0.1333	0.0069	0.1333	0.0081
fleurs_ind_002	Indonesian	Austronesian	wav2vec2phoneme	0.3167	0.0882	0.3167	0.1116
fleurs_ind_002	Indonesian	Austronesian	whipa	0.5833	0.1059	0.4333	0.1018
fleurs_ind_002	Indonesian	Austronesian	whipa_comb	0.4167	0.0920	0.3833	0.0884
fleurs_ind_002	Indonesian	Austronesian	whipa_large	0.4333	0.0743	0.4000	0.0756
fleurs_ind_002	Indonesian	Austronesian	zipa	0.2167	0.0542	0.2167	0.0208
fleurs_ind_002	Indonesian	Austronesian	zipa_large	0.2333	0.0486	0.2167	0.0148
fleurs_ind_003	Indonesian	Austronesian	allophant	0.5294	0.1978	0.4588	0.1929
fleurs_ind_003	Indonesian	Austronesian	allosaurus	0.5294	0.1471	0.4824	0.1370
fleurs_ind_003	Indonesian	Austronesian	multipa	0.3529	0.1289	0.3294	0.1279
fleurs_ind_003	Indonesian	Austronesian	powsm	0.1529	0.0463	0.1529	0.0463
fleurs_ind_003	Indonesian	Austronesian	wav2vec2phoneme	0.2941	0.0949	0.2941	0.0949
fleurs_ind_003	Indonesian	Austronesian	whipa	0.3412	0.0983	0.2588	0.0939
fleurs_ind_003	Indonesian	Austronesian	whipa_comb	0.4000	0.0873	0.3059	0.0824
fleurs_ind_003	Indonesian	Austronesian	whipa_large	0.2588	0.0816	0.2471	0.0806
fleurs_ind_003	Indonesian	Austronesian	zipa	0.1882	0.0449	0.1294	0.0424
fleurs_ind_003	Indonesian	Austronesian	zipa_large	0.1765	0.0534	0.1176	0.0510
fleurs_ind_004	Indonesian	Austronesian	allophant	0.6029	0.1933	0.5147	0.1909
fleurs_ind_004	Indonesian	Austronesian	allosaurus	0.6176	0.1801	0.5294	0.1955
fleurs_ind_004	Indonesian	Austronesian	multipa	0.4853	0.1265	0.3824	0.1235
fleurs_ind_004	Indonesian	Austronesian	powsm	0.0588	0.0153	0.0588	0.0153
fleurs_ind_004	Indonesian	Austronesian	wav2vec2phoneme	0.3088	0.0913	0.3088	0.0913
fleurs_ind_004	Indonesian	Austronesian	whipa	0.4265	0.0953	0.3529	0.0928
fleurs_ind_004	Indonesian	Austronesian	whipa_comb	0.3971	0.0582	0.3088	0.0545
fleurs_ind_004	Indonesian	Austronesian	whipa_large	0.2500	0.0616	0.2500	0.0616
fleurs_ind_004	Indonesian	Austronesian	zipa	0.1765	0.0380	0.1618	0.0374
fleurs_ind_004	Indonesian	Austronesian	zipa_large	0.1912	0.0386	0.1618	0.0374
fleurs_ind_005	Indonesian	Austronesian	allophant	0.6087	0.1520	0.5304	0.1603
fleurs_ind_005	Indonesian	Austronesian	allosaurus	0.5913	0.1576	0.5478	0.1517
fleurs_ind_005	Indonesian	Austronesian	multipa	0.4435	0.1237	0.3913	0.1172
fleurs_ind_005	Indonesian	Austronesian	powsm	0.0609	0.0101	0.0609	0.0109
fleurs_ind_005	Indonesian	Austronesian	wav2vec2phoneme	0.2783	0.0799	0.2783	0.0925
fleurs_ind_005	Indonesian	Austronesian	whipa	0.4783	0.1283	0.3739	0.1296
fleurs_ind_005	Indonesian	Austronesian	whipa_comb	0.5043	0.0685	0.2696	0.0574
fleurs_ind_005	Indonesian	Austronesian	whipa_large	0.3304	0.0801	0.3304	0.0832
fleurs_ind_005	Indonesian	Austronesian	zipa	0.1652	0.0404	0.1130	0.0141
fleurs_ind_005	Indonesian	Austronesian	zipa_large	0.1739	0.0404	0.1217	0.0145
fleurs_ind_006	Indonesian	Austronesian	allophant	0.6471	0.2071	0.5735	0.1954
fleurs_ind_006	Indonesian	Austronesian	allosaurus	0.7059	0.2580	0.6765	0.2545
fleurs_ind_006	Indonesian	Austronesian	multipa	0.6471	0.1703	0.5735	0.1763
fleurs_ind_006	Indonesian	Austronesian	powsm	0.3235	0.1664	0.3235	0.1646
fleurs_ind_006	Indonesian	Austronesian	wav2vec2phoneme	0.5882	0.1792	0.5882	0.1781
fleurs_ind_006	Indonesian	Austronesian	whipa	0.6471	0.2286	0.5588	0.2153
fleurs_ind_006	Indonesian	Austronesian	whipa_comb	0.7647	0.1679	0.6471	0.1482
fleurs_ind_006	Indonesian	Austronesian	whipa_large	0.4265	0.1431	0.4265	0.1392
fleurs_ind_006	Indonesian	Austronesian	zipa	0.3235	0.1875	0.2794	0.1694
fleurs_ind_006	Indonesian	Austronesian	zipa_large	0.3235	0.1728	0.2794	0.1543
fleurs_ind_007	Indonesian	Austronesian	allophant	0.5227	0.1170	0.4545	0.1141
fleurs_ind_007	Indonesian	Austronesian	allosaurus	0.5000	0.1581	0.4773	0.1581
fleurs_ind_007	Indonesian	Austronesian	multipa	0.5227	0.0810	0.4773	0.0772
fleurs_ind_007	Indonesian	Austronesian	powsm	0.0455	0.0085	0.0455	0.0085
fleurs_ind_007	Indonesian	Austronesian	wav2vec2phoneme	0.3182	0.0990	0.3182	0.0990
fleurs_ind_007	Indonesian	Austronesian	whipa	0.5909	0.1648	0.5227	0.1610
fleurs_ind_007	Indonesian	Austronesian	whipa_comb	0.4318	0.0928	0.4091	0.0890
fleurs_ind_007	Indonesian	Austronesian	whipa_large	0.1818	0.0331	0.1818	0.0331
fleurs_ind_007	Indonesian	Austronesian	zipa	0.2273	0.0189	0.1136	0.0142
fleurs_ind_007	Indonesian	Austronesian	zipa_large	0.2500	0.0199	0.1364	0.0152
fleurs_ind_008	Indonesian	Austronesian	allophant	0.5569	0.1275	0.4850	0.1197
fleurs_ind_008	Indonesian	Austronesian	allosaurus	0.6407	0.1430	0.5689	0.1496
fleurs_ind_008	Indonesian	Austronesian	multipa	0.4072	0.0914	0.4072	0.0941
fleurs_ind_008	Indonesian	Austronesian	powsm	0.0958	0.0114	0.0958	0.0119
fleurs_ind_008	Indonesian	Austronesian	wav2vec2phoneme	0.2874	0.0911	0.2874	0.0837
fleurs_ind_008	Indonesian	Austronesian	whipa	0.5808	0.1523	0.4491	0.1640
fleurs_ind_008	Indonesian	Austronesian	whipa_comb	0.6527	0.1367	0.5509	0.1229
fleurs_ind_008	Indonesian	Austronesian	whipa_large	0.2994	0.0744	0.2994	0.0653
fleurs_ind_008	Indonesian	Austronesian	zipa	0.1737	0.0374	0.1497	0.0266
fleurs_ind_008	Indonesian	Austronesian	zipa_large	0.1617	0.0338	0.1377	0.0150
fleurs_ind_009	Indonesian	Austronesian	allophant	0.5446	0.1741	0.4257	0.1691
fleurs_ind_009	Indonesian	Austronesian	allosaurus	0.6634	0.2871	0.6436	0.3049
fleurs_ind_009	Indonesian	Austronesian	multipa	0.3861	0.1417	0.3762	0.1413
fleurs_ind_009	Indonesian	Austronesian	powsm	0.1683	0.0901	0.1683	0.0901
fleurs_ind_009	Indonesian	Austronesian	wav2vec2phoneme	0.3465	0.1469	0.3465	0.1469
fleurs_ind_009	Indonesian	Austronesian	whipa	0.5248	0.1712	0.3960	0.1642
fleurs_ind_009	Indonesian	Austronesian	whipa_comb	0.5743	0.1883	0.4653	0.1834
fleurs_ind_009	Indonesian	Austronesian	whipa_large	0.3267	0.1599	0.3366	0.1683
fleurs_ind_009	Indonesian	Austronesian	zipa	0.2178	0.1033	0.1683	0.1013
fleurs_ind_009	Indonesian	Austronesian	zipa_large	0.1980	0.1054	0.1485	0.1038
fleurs_ind_010	Indonesian	Austronesian	allophant	0.6163	0.1858	0.5930	0.1821
fleurs_ind_010	Indonesian	Austronesian	allosaurus	0.7442	0.1880	0.7093	0.1738
fleurs_ind_010	Indonesian	Austronesian	multipa	0.5930	0.0954	0.5698	0.1080
fleurs_ind_010	Indonesian	Austronesian	powsm	0.1395	0.0203	0.1395	0.0208
fleurs_ind_010	Indonesian	Austronesian	wav2vec2phoneme	0.4419	0.0901	0.4419	0.1065
fleurs_ind_010	Indonesian	Austronesian	whipa	0.6977	0.2028	0.6279	0.1991
fleurs_ind_010	Indonesian	Austronesian	whipa_comb	0.7558	0.1243	0.6279	0.1231
fleurs_ind_010	Indonesian	Austronesian	whipa_large	0.4651	0.0717	0.4767	0.0871
fleurs_ind_010	Indonesian	Austronesian	zipa	0.3023	0.0552	0.2442	0.0294
fleurs_ind_010	Indonesian	Austronesian	zipa_large	0.3140	0.0581	0.2558	0.0322
fleurs_ind_011	Indonesian	Austronesian	allophant	0.4755	0.1974	0.3986	0.1786
fleurs_ind_011	Indonesian	Austronesian	allosaurus	0.7063	0.2573	0.6434	0.2568
fleurs_ind_011	Indonesian	Austronesian	multipa	0.5455	0.1754	0.4965	0.1701
fleurs_ind_011	Indonesian	Austronesian	powsm	0.1888	0.1367	0.1888	0.1353
fleurs_ind_011	Indonesian	Austronesian	wav2vec2phoneme	0.2867	0.1588	0.2867	0.1451
fleurs_ind_011	Indonesian	Austronesian	whipa	0.6294	0.2918	0.5175	0.2787
fleurs_ind_011	Indonesian	Austronesian	whipa_comb	0.5175	0.2172	0.4196	0.2068
fleurs_ind_011	Indonesian	Austronesian	whipa_large	0.4406	0.2027	0.4266	0.1878
fleurs_ind_011	Indonesian	Austronesian	zipa	0.2378	0.1661	0.2378	0.1503
fleurs_ind_011	Indonesian	Austronesian	zipa_large	0.3357	0.1716	0.2797	0.1540
fleurs_ind_012	Indonesian	Austronesian	allophant	0.5977	0.2053	0.5000	0.2017
fleurs_ind_012	Indonesian	Austronesian	allosaurus	0.6034	0.1511	0.5517	0.1481
fleurs_ind_012	Indonesian	Austronesian	multipa	0.4885	0.1245	0.4425	0.1237
fleurs_ind_012	Indonesian	Austronesian	powsm	0.1609	0.0572	0.1609	0.0572
fleurs_ind_012	Indonesian	Austronesian	wav2vec2phoneme	0.2644	0.0940	0.2644	0.0940
fleurs_ind_012	Indonesian	Austronesian	whipa	0.5517	0.1670	0.4540	0.1828
fleurs_ind_012	Indonesian	Austronesian	whipa_comb	0.4195	0.0915	0.2874	0.0848
fleurs_ind_012	Indonesian	Austronesian	whipa_large	0.3333	0.0813	0.3276	0.0811
fleurs_ind_012	Indonesian	Austronesian	zipa	0.1092	0.0510	0.1092	0.0510
fleurs_ind_012	Indonesian	Austronesian	zipa_large	0.1897	0.0551	0.1437	0.0532
fleurs_ind_013	Indonesian	Austronesian	allophant	0.4539	0.1826	0.4145	0.1809
fleurs_ind_013	Indonesian	Austronesian	allosaurus	0.6250	0.1879	0.5526	0.1833
fleurs_ind_013	Indonesian	Austronesian	multipa	0.5197	0.1275	0.3487	0.1258
fleurs_ind_013	Indonesian	Austronesian	powsm	0.1184	0.0735	0.1184	0.0735
fleurs_ind_013	Indonesian	Austronesian	wav2vec2phoneme	0.2105	0.1142	0.2105	0.1142
fleurs_ind_013	Indonesian	Austronesian	whipa	0.4013	0.2215	0.3882	0.2209
fleurs_ind_013	Indonesian	Austronesian	whipa_comb	0.3553	0.1073	0.2829	0.1029
fleurs_ind_013	Indonesian	Austronesian	whipa_large	0.3224	0.1340	0.2961	0.1340
fleurs_ind_013	Indonesian	Austronesian	zipa	0.0921	0.0573	0.0921	0.0573
fleurs_ind_013	Indonesian	Austronesian	zipa_large	0.1513	0.0663	0.1184	0.0650
fleurs_ind_014	Indonesian	Austronesian	allophant	0.5338	0.1280	0.4527	0.1278
fleurs_ind_014	Indonesian	Austronesian	allosaurus	0.5338	0.1437	0.4932	0.1438
fleurs_ind_014	Indonesian	Austronesian	multipa	0.3581	0.0981	0.3446	0.1083
fleurs_ind_014	Indonesian	Austronesian	powsm	0.0946	0.0255	0.0946	0.0335
fleurs_ind_014	Indonesian	Austronesian	wav2vec2phoneme	0.2500	0.0873	0.2500	0.0915
fleurs_ind_014	Indonesian	Austronesian	whipa	0.4122	0.1154	0.3649	0.1235
fleurs_ind_014	Indonesian	Austronesian	whipa_comb	0.3716	0.0935	0.3176	0.0906
fleurs_ind_014	Indonesian	Austronesian	whipa_large	0.2568	0.0639	0.2635	0.0647
fleurs_ind_014	Indonesian	Austronesian	zipa	0.0608	0.0128	0.0608	0.0185
fleurs_ind_014	Indonesian	Austronesian	zipa_large	0.1081	0.0162	0.1081	0.0218
fleurs_ind_015	Indonesian	Austronesian	allophant	0.5859	0.1242	0.4688	0.1202
fleurs_ind_015	Indonesian	Austronesian	allosaurus	0.5625	0.1864	0.5469	0.1870
fleurs_ind_015	Indonesian	Austronesian	multipa	0.4688	0.1152	0.3828	0.1095
fleurs_ind_015	Indonesian	Austronesian	powsm	0.0469	0.0161	0.0469	0.0163
fleurs_ind_015	Indonesian	Austronesian	wav2vec2phoneme	0.2344	0.0623	0.2344	0.0627
fleurs_ind_015	Indonesian	Austronesian	whipa	0.5156	0.1655	0.4688	0.1652
fleurs_ind_015	Indonesian	Austronesian	whipa_comb	0.5781	0.1206	0.4844	0.1156
fleurs_ind_015	Indonesian	Austronesian	whipa_large	0.2812	0.0462	0.2578	0.0449
fleurs_ind_015	Indonesian	Austronesian	zipa	0.1250	0.0171	0.1094	0.0087
fleurs_ind_015	Indonesian	Austronesian	zipa_large	0.1719	0.0257	0.1328	0.0166
fleurs_ind_016	Indonesian	Austronesian	allophant	0.6351	0.2282	0.5766	0.2306
fleurs_ind_016	Indonesian	Austronesian	allosaurus	0.7027	0.1829	0.6622	0.1804
fleurs_ind_016	Indonesian	Austronesian	multipa	0.5811	0.1482	0.5405	0.1539
fleurs_ind_016	Indonesian	Austronesian	powsm	0.5856	0.4075	0.5766	0.4058
fleurs_ind_016	Indonesian	Austronesian	wav2vec2phoneme	0.4730	0.1533	0.4640	0.1519
fleurs_ind_016	Indonesian	Austronesian	whipa	0.9640	0.2507	0.8153	0.2335
fleurs_ind_016	Indonesian	Austronesian	whipa_comb	0.7072	0.1753	0.4820	0.1645
fleurs_ind_016	Indonesian	Austronesian	whipa_large	0.4640	0.1083	0.4685	0.1121
fleurs_ind_016	Indonesian	Austronesian	zipa	0.2928	0.0721	0.2523	0.0606
fleurs_ind_016	Indonesian	Austronesian	zipa_large	0.2703	0.0666	0.2207	0.0549
fleurs_ind_017	Indonesian	Austronesian	allophant	0.5769	0.1549	0.5128	0.1767
fleurs_ind_017	Indonesian	Austronesian	allosaurus	0.7692	0.2222	0.7308	0.2284
fleurs_ind_017	Indonesian	Austronesian	multipa	0.4359	0.1223	0.3077	0.1448
fleurs_ind_017	Indonesian	Austronesian	powsm	0.0769	0.0195	0.0769	0.0424
fleurs_ind_017	Indonesian	Austronesian	wav2vec2phoneme	0.2949	0.1253	0.2949	0.1476
fleurs_ind_017	Indonesian	Austronesian	whipa	0.4872	0.1215	0.3974	0.1178
fleurs_ind_017	Indonesian	Austronesian	whipa_comb	0.3333	0.1058	0.2821	0.1093
fleurs_ind_017	Indonesian	Austronesian	whipa_large	0.2949	0.0558	0.2821	0.0653
fleurs_ind_017	Indonesian	Austronesian	zipa	0.1538	0.0267	0.1282	0.0358
fleurs_ind_017	Indonesian	Austronesian	zipa_large	0.1795	0.0393	0.1410	0.0247
fleurs_ind_018	Indonesian	Austronesian	allophant	0.5541	0.1639	0.5270	0.1616
fleurs_ind_018	Indonesian	Austronesian	allosaurus	0.6622	0.1743	0.6216	0.1737
fleurs_ind_018	Indonesian	Austronesian	multipa	0.4054	0.1022	0.3919	0.1011
fleurs_ind_018	Indonesian	Austronesian	powsm	0.1081	0.0312	0.1081	0.0312
fleurs_ind_018	Indonesian	Austronesian	wav2vec2phoneme	0.3514	0.1312	0.3514	0.1312
fleurs_ind_018	Indonesian	Austronesian	whipa	0.5000	0.1042	0.3514	0.0971
fleurs_ind_018	Indonesian	Austronesian	whipa_comb	0.5000	0.1182	0.3514	0.1104
fleurs_ind_018	Indonesian	Austronesian	whipa_large	0.3514	0.0552	0.3514	0.0552
fleurs_ind_018	Indonesian	Austronesian	zipa	0.1622	0.0467	0.1351	0.0456
fleurs_ind_018	Indonesian	Austronesian	zipa_large	0.1622	0.0574	0.1351	0.0563
fleurs_ind_019	Indonesian	Austronesian	allophant	0.6000	0.1038	0.4833	0.0983
fleurs_ind_019	Indonesian	Austronesian	allosaurus	0.6000	0.1344	0.5500	0.1431
fleurs_ind_019	Indonesian	Austronesian	multipa	0.4167	0.1035	0.3333	0.0986
fleurs_ind_019	Indonesian	Austronesian	powsm	0.0833	0.0333	0.0833	0.0333
fleurs_ind_019	Indonesian	Austronesian	wav2vec2phoneme	0.3000	0.0691	0.3000	0.0691
fleurs_ind_019	Indonesian	Austronesian	whipa	0.4667	0.1208	0.3833	0.1160
fleurs_ind_019	Indonesian	Austronesian	whipa_comb	0.5667	0.1024	0.3833	0.0778
fleurs_ind_019	Indonesian	Austronesian	whipa_large	0.3333	0.0656	0.3000	0.0642
fleurs_ind_019	Indonesian	Austronesian	zipa	0.1333	0.0375	0.1000	0.0361
fleurs_ind_019	Indonesian	Austronesian	zipa_large	0.1500	0.0389	0.1167	0.0375
fleurs_ind_020	Indonesian	Austronesian	allophant	0.4654	0.1305	0.3899	0.1134
fleurs_ind_020	Indonesian	Austronesian	allosaurus	0.5912	0.1656	0.5346	0.1493
fleurs_ind_020	Indonesian	Austronesian	multipa	0.5283	0.1347	0.4403	0.1316
fleurs_ind_020	Indonesian	Austronesian	powsm	0.0755	0.0149	0.0755	0.0153
fleurs_ind_020	Indonesian	Austronesian	wav2vec2phoneme	0.2893	0.0700	0.2893	0.0657
fleurs_ind_020	Indonesian	Austronesian	whipa	1.0000	0.0942	1.0000	0.1016
fleurs_ind_020	Indonesian	Austronesian	whipa_comb	0.4528	0.0844	0.3333	0.0725
fleurs_ind_020	Indonesian	Austronesian	whipa_large	1.8365	1.4114	1.8365	1.3917
fleurs_ind_020	Indonesian	Austronesian	zipa	0.2201	0.0383	0.1824	0.0241
fleurs_ind_020	Indonesian	Austronesian	zipa_large	0.2327	0.0393	0.1887	0.0248
